"type","collection_id","episode_group_id","url","season","edition","priority","draft_title","primary_query_candidate","supporting_queries_with_market_and_estimate","evidence_status","identity_checks","content_tasks","geo_tasks","schema_tasks","internal_links","release_checks"
"drama","","","/drama/mehmed-fetihler-sultani","","Mixed catalog","P1","Sultan Muhammad Fateh (Mehmed) - Urdu & English Subtitles","mehmed fetihler sultanı","mehmed fetihler sultanı [United Kingdom; 1000/month estimate] | mehmed fatih al sultani urdu dubbed all episodes [Pakistan; 50/month estimate]","Provider estimate; match conditional on verified episode identity","Confirm live publication and working rendition for this exact edition | Recheck language availability against live records","Original reviewed synopsis; official title and regional aliases; accurate available-season links; audio/subtitle distinction; editorial reviewer and sources","Answer what the series is and which editions are available; cite official series identity","TVSeries entity on drama; optional season/episode relationships and BreadcrumbList reflecting visible facts; no assumed rich-result eligibility","Browse/home -> drama -> seasons","HTTP 200; indexable production policy; self-canonical; server-rendered facts; actual playback; matching schema; sitemap inclusion only if eligible; no invented metadata"
"season","collection-72","","/drama/mehmed-fetihler-sultani/season-1/urdu-dubbed","1","Urdu dubbed","P2 evergreen","Mehmed Fatih Al Sultani Season 1 - Urdu Dubbed","mehmed fatih al sultani season 1 urdu dubbed","mehmed fatih al sultani season 1 urdu dubbed [Pakistan; 90/month estimate] | mehmed fetihler sultani season 1 urdu dubbed [United States; 10/month estimate]","Provider estimate; match conditional on verified episode identity","Confirm live publication and working rendition for this exact edition | Recheck language availability against live records | Verify regional broadcast/distributor title before using Fatih Al Sultani as the main title","Season-specific reviewed overview; edition switch; crawlable published episode list; availability; verified numbering explanation; accurate dates","Answer where this season begins and which subtitle/dubbed editions actually exist; cite official numbering evidence","TVSeries entity on drama; optional season/episode relationships and BreadcrumbList reflecting visible facts; no assumed rich-result eligibility","Drama -> edition -> episodes; other seasons and edition switch","HTTP 200; indexable production policy; self-canonical; server-rendered facts; actual playback; matching schema; sitemap inclusion only if eligible; no invented metadata"
"episode","collection-72","collection-72-episode-1","/drama/mehmed-fetihler-sultani/season-1/urdu-dubbed/episode-1","1","Urdu dubbed","P2 evergreen","Sultan Muhammad Fateh Season 1 Episode 1 - Urdu Dubbed","mehmed fatih al sultani season 1 episode 1 urdu dubbed","mehmed fatih al sultani season 1 episode 1 urdu dubbed [Pakistan; 140/month estimate] | mehmed fatih al sultani episode 1 urdu dubbed [Pakistan; 30/month estimate] | mehmed fetihler sultani urdu dubbed episode 1 [Pakistan; 10/month estimate] | mehmed the conqueror episode 1 urdu dubbed [Pakistan; 10/month estimate] | mehmed: fetihler sultani urdu dubbed episode 1 [Pakistan; 10/month estimate]","Provider estimate; match conditional on verified episode identity","Confirm live publication and working rendition for this exact edition | Recheck language availability against live records","Prominent player; unique reviewed spoiler-free synopsis; language controls; accurate episode facts; spoilers behind visible control; descriptive thumbnail alt; true publication date","Answer exact season/broadcast identity and available languages in visible text; distinguish story fiction from sourced historical context; identify reviewer","VideoObject with actual selected rendition, name, unique stable thumbnailUrl, real uploadDate; valid contentUrl; omit fake embedUrl; TVSeries relation; BreadcrumbList","Season -> episode; previous/next published playable episodes; drama breadcrumb","HTTP 200; indexable production policy; self-canonical; server-rendered facts; actual playback; matching schema; sitemap inclusion only if eligible; no invented metadata"
"episode","collection-72","collection-72-episode-2","/drama/mehmed-fetihler-sultani/season-1/urdu-dubbed/episode-2","1","Urdu dubbed","P2 evergreen","Sultan Muhammad Fateh Season 1 Episode 2 - Urdu Dubbed","mehmed fatih al sultani episode 2 urdu dubbed","mehmed fatih al sultani episode 2 urdu dubbed [Pakistan; 30/month estimate]","Provider estimate; match conditional on verified episode identity","Confirm live publication and working rendition for this exact edition | Recheck language availability against live records","Prominent player; unique reviewed spoiler-free synopsis; language controls; accurate episode facts; spoilers behind visible control; descriptive thumbnail alt; true publication date","Answer exact season/broadcast identity and available languages in visible text; distinguish story fiction from sourced historical context; identify reviewer","VideoObject with actual selected rendition, name, unique stable thumbnailUrl, real uploadDate; valid contentUrl; omit fake embedUrl; TVSeries relation; BreadcrumbList","Season -> episode; previous/next published playable episodes; drama breadcrumb","HTTP 200; indexable production policy; self-canonical; server-rendered facts; actual playback; matching schema; sitemap inclusion only if eligible; no invented metadata"
"episode","collection-72","collection-72-episode-3","/drama/mehmed-fetihler-sultani/season-1/urdu-dubbed/episode-3","1","Urdu dubbed","P2 evergreen","Sultan Muhammad Fateh Season 1 Episode 3 - Urdu Dubbed","mehmed fatih al sultani episode 3 urdu dubbed","mehmed fatih al sultani episode 3 urdu dubbed [Pakistan; 10/month estimate]","Provider estimate; match conditional on verified episode identity","Confirm live publication and working rendition for this exact edition | Recheck language availability against live records","Prominent player; unique reviewed spoiler-free synopsis; language controls; accurate episode facts; spoilers behind visible control; descriptive thumbnail alt; true publication date","Answer exact season/broadcast identity and available languages in visible text; distinguish story fiction from sourced historical context; identify reviewer","VideoObject with actual selected rendition, name, unique stable thumbnailUrl, real uploadDate; valid contentUrl; omit fake embedUrl; TVSeries relation; BreadcrumbList","Season -> episode; previous/next published playable episodes; drama breadcrumb","HTTP 200; indexable production policy; self-canonical; server-rendered facts; actual playback; matching schema; sitemap inclusion only if eligible; no invented metadata"
"episode","collection-72","collection-72-episode-4","/drama/mehmed-fetihler-sultani/season-1/urdu-dubbed/episode-4","1","Urdu dubbed","P2 evergreen","Sultan Muhammad Fateh Season 1 Episode 4 - Urdu Dubbed","sultan muhammad fateh season 1 episode 4 urdu dubbed","","Proposed target; no exact measured evidence","Confirm live publication and working rendition for this exact edition | Recheck language availability against live records","Prominent player; unique reviewed spoiler-free synopsis; language controls; accurate episode facts; spoilers behind visible control; descriptive thumbnail alt; true publication date","Answer exact season/broadcast identity and available languages in visible text; distinguish story fiction from sourced historical context; identify reviewer","VideoObject with actual selected rendition, name, unique stable thumbnailUrl, real uploadDate; valid contentUrl; omit fake embedUrl; TVSeries relation; BreadcrumbList","Season -> episode; previous/next published playable episodes; drama breadcrumb","HTTP 200; indexable production policy; self-canonical; server-rendered facts; actual playback; matching schema; sitemap inclusion only if eligible; no invented metadata"
"episode","collection-72","collection-72-episode-5","/drama/mehmed-fetihler-sultani/season-1/urdu-dubbed/episode-5","1","Urdu dubbed","P2 evergreen","Sultan Muhammad Fateh Season 1 Episode 5 - Urdu Dubbed","mehmed fatih al sultani episode 05 urdu dubbed","mehmed fatih al sultani episode 05 urdu dubbed [Pakistan; 10/month estimate]","Provider estimate; match conditional on verified episode identity","Confirm live publication and working rendition for this exact edition | Recheck language availability against live records","Prominent player; unique reviewed spoiler-free synopsis; language controls; accurate episode facts; spoilers behind visible control; descriptive thumbnail alt; true publication date","Answer exact season/broadcast identity and available languages in visible text; distinguish story fiction from sourced historical context; identify reviewer","VideoObject with actual selected rendition, name, unique stable thumbnailUrl, real uploadDate; valid contentUrl; omit fake embedUrl; TVSeries relation; BreadcrumbList","Season -> episode; previous/next published playable episodes; drama breadcrumb","HTTP 200; indexable production policy; self-canonical; server-rendered facts; actual playback; matching schema; sitemap inclusion only if eligible; no invented metadata"
"episode","collection-72","collection-72-episode-6","/drama/mehmed-fetihler-sultani/season-1/urdu-dubbed/episode-6","1","Urdu dubbed","P2 evergreen","Sultan Muhammad Fateh Season 1 Episode 6 - Urdu Dubbed","mehmed fatih al sultani episode 06 urdu dubbed","mehmed fatih al sultani episode 06 urdu dubbed [Pakistan; 10/month estimate]","Provider estimate; match conditional on verified episode identity","Confirm live publication and working rendition for this exact edition | Recheck language availability against live records","Prominent player; unique reviewed spoiler-free synopsis; language controls; accurate episode facts; spoilers behind visible control; descriptive thumbnail alt; true publication date","Answer exact season/broadcast identity and available languages in visible text; distinguish story fiction from sourced historical context; identify reviewer","VideoObject with actual selected rendition, name, unique stable thumbnailUrl, real uploadDate; valid contentUrl; omit fake embedUrl; TVSeries relation; BreadcrumbList","Season -> episode; previous/next published playable episodes; drama breadcrumb","HTTP 200; indexable production policy; self-canonical; server-rendered facts; actual playback; matching schema; sitemap inclusion only if eligible; no invented metadata"
"episode","collection-72","collection-72-episode-7","/drama/mehmed-fetihler-sultani/season-1/urdu-dubbed/episode-7","1","Urdu dubbed","P2 evergreen","Sultan Muhammad Fateh Season 1 Episode 7 - Urdu Dubbed","sultan muhammad fateh season 1 episode 7 urdu dubbed","","Proposed target; no exact measured evidence","Confirm live publication and working rendition for this exact edition | Recheck language availability against live records","Prominent player; unique reviewed spoiler-free synopsis; language controls; accurate episode facts; spoilers behind visible control; descriptive thumbnail alt; true publication date","Answer exact season/broadcast identity and available languages in visible text; distinguish story fiction from sourced historical context; identify reviewer","VideoObject with actual selected rendition, name, unique stable thumbnailUrl, real uploadDate; valid contentUrl; omit fake embedUrl; TVSeries relation; BreadcrumbList","Season -> episode; previous/next published playable episodes; drama breadcrumb","HTTP 200; indexable production policy; self-canonical; server-rendered facts; actual playback; matching schema; sitemap inclusion only if eligible; no invented metadata"
"episode","collection-72","collection-72-episode-8","/drama/mehmed-fetihler-sultani/season-1/urdu-dubbed/episode-8","1","Urdu dubbed","P2 evergreen","Sultan Muhammad Fateh Season 1 Episode 8 - Urdu Dubbed","sultan muhammad fateh season 1 episode 8 urdu dubbed","","Proposed target; no exact measured evidence","Confirm live publication and working rendition for this exact edition | Recheck language availability against live records","Prominent player; unique reviewed spoiler-free synopsis; language controls; accurate episode facts; spoilers behind visible control; descriptive thumbnail alt; true publication date","Answer exact season/broadcast identity and available languages in visible text; distinguish story fiction from sourced historical context; identify reviewer","VideoObject with actual selected rendition, name, unique stable thumbnailUrl, real uploadDate; valid contentUrl; omit fake embedUrl; TVSeries relation; BreadcrumbList","Season -> episode; previous/next published playable episodes; drama breadcrumb","HTTP 200; indexable production policy; self-canonical; server-rendered facts; actual playback; matching schema; sitemap inclusion only if eligible; no invented metadata"
"season","collection-62","","/drama/mehmed-fetihler-sultani/season-1","1","Subtitled","P2 evergreen","Sultan Muhammad Fateh Season 1 - Urdu & English Subtitles","sultan muhammad fateh season 1 last episode","sultan muhammad fateh season 1 last episode [Pakistan; 30/month estimate] | mehmed fetihler sultani season 1 [United States; 10/month estimate]","Provider estimate; match conditional on verified episode identity","Confirm live publication and working rendition for this exact edition | Recheck language availability against live records","Season-specific reviewed overview; edition switch; crawlable published episode list; availability; verified numbering explanation; accurate dates","Answer where this season begins and which subtitle/dubbed editions actually exist; cite official numbering evidence","TVSeries entity on drama; optional season/episode relationships and BreadcrumbList reflecting visible facts; no assumed rich-result eligibility","Drama -> edition -> episodes; other seasons and edition switch","HTTP 200; indexable production policy; self-canonical; server-rendered facts; actual playback; matching schema; sitemap inclusion only if eligible; no invented metadata"
"episode","collection-62","collection-62-episode-1","/drama/mehmed-fetihler-sultani/season-1/episode-1","1","Subtitled","P2 evergreen","Sultan Muhammad Fateh Season 1 Episode 1 - Urdu & English Subtitles","sultan muhammad fateh season 1 ep 1","sultan muhammad fateh season 1 ep 1 [Pakistan; 50/month estimate] | mehmed the conqueror episode 1 english subtitles [United States; 10/month estimate]","Provider estimate; match conditional on verified episode identity","Confirm live publication and working rendition for this exact edition | Recheck language availability against live records","Prominent player; unique reviewed spoiler-free synopsis; language controls; accurate episode facts; spoilers behind visible control; descriptive thumbnail alt; true publication date","Answer exact season/broadcast identity and available languages in visible text; distinguish story fiction from sourced historical context; identify reviewer","VideoObject with actual selected rendition, name, unique stable thumbnailUrl, real uploadDate; valid contentUrl; omit fake embedUrl; TVSeries relation; BreadcrumbList","Season -> episode; previous/next published playable episodes; drama breadcrumb","HTTP 200; indexable production policy; self-canonical; server-rendered facts; actual playback; matching schema; sitemap inclusion only if eligible; no invented metadata"
"episode","collection-62","collection-62-episode-2","/drama/mehmed-fetihler-sultani/season-1/episode-2","1","Subtitled","P2 evergreen","Sultan Muhammad Fateh Season 1 Episode 2 - Urdu & English Subtitles","sultan muhammad fateh season 1 episode 2 urdu subtitles","","Proposed target; no exact measured evidence","Confirm live publication and working rendition for this exact edition | Recheck language availability against live records","Prominent player; unique reviewed spoiler-free synopsis; language controls; accurate episode facts; spoilers behind visible control; descriptive thumbnail alt; true publication date","Answer exact season/broadcast identity and available languages in visible text; distinguish story fiction from sourced historical context; identify reviewer","VideoObject with actual selected rendition, name, unique stable thumbnailUrl, real uploadDate; valid contentUrl; omit fake embedUrl; TVSeries relation; BreadcrumbList","Season -> episode; previous/next published playable episodes; drama breadcrumb","HTTP 200; indexable production policy; self-canonical; server-rendered facts; actual playback; matching schema; sitemap inclusion only if eligible; no invented metadata"
"episode","collection-62","collection-62-episode-3","/drama/mehmed-fetihler-sultani/season-1/episode-3","1","Subtitled","P2 evergreen","Sultan Muhammad Fateh Season 1 Episode 3 - Urdu & English Subtitles","sultan muhammad fateh season 1 episode 3 urdu subtitles","","Proposed target; no exact measured evidence","Confirm live publication and working rendition for this exact edition | Recheck language availability against live records","Prominent player; unique reviewed spoiler-free synopsis; language controls; accurate episode facts; spoilers behind visible control; descriptive thumbnail alt; true publication date","Answer exact season/broadcast identity and available languages in visible text; distinguish story fiction from sourced historical context; identify reviewer","VideoObject with actual selected rendition, name, unique stable thumbnailUrl, real uploadDate; valid contentUrl; omit fake embedUrl; TVSeries relation; BreadcrumbList","Season -> episode; previous/next published playable episodes; drama breadcrumb","HTTP 200; indexable production policy; self-canonical; server-rendered facts; actual playback; matching schema; sitemap inclusion only if eligible; no invented metadata"
"episode","collection-62","collection-62-episode-4","/drama/mehmed-fetihler-sultani/season-1/episode-4","1","Subtitled","P2 evergreen","Sultan Muhammad Fateh Season 1 Episode 4 - Urdu & English Subtitles","sultan muhammad fateh season 1 episode 4 urdu subtitles","","Proposed target; no exact measured evidence","Confirm live publication and working rendition for this exact edition | Recheck language availability against live records","Prominent player; unique reviewed spoiler-free synopsis; language controls; accurate episode facts; spoilers behind visible control; descriptive thumbnail alt; true publication date","Answer exact season/broadcast identity and available languages in visible text; distinguish story fiction from sourced historical context; identify reviewer","VideoObject with actual selected rendition, name, unique stable thumbnailUrl, real uploadDate; valid contentUrl; omit fake embedUrl; TVSeries relation; BreadcrumbList","Season -> episode; previous/next published playable episodes; drama breadcrumb","HTTP 200; indexable production policy; self-canonical; server-rendered facts; actual playback; matching schema; sitemap inclusion only if eligible; no invented metadata"
"episode","collection-62","collection-62-episode-5","/drama/mehmed-fetihler-sultani/season-1/episode-5","1","Subtitled","P2 evergreen","Sultan Muhammad Fateh Season 1 Episode 5 - Urdu & English Subtitles","sultan muhammad fateh season 1 episode 5 urdu subtitles","","Proposed target; no exact measured evidence","Confirm live publication and working rendition for this exact edition | Recheck language availability against live records","Prominent player; unique reviewed spoiler-free synopsis; language controls; accurate episode facts; spoilers behind visible control; descriptive thumbnail alt; true publication date","Answer exact season/broadcast identity and available languages in visible text; distinguish story fiction from sourced historical context; identify reviewer","VideoObject with actual selected rendition, name, unique stable thumbnailUrl, real uploadDate; valid contentUrl; omit fake embedUrl; TVSeries relation; BreadcrumbList","Season -> episode; previous/next published playable episodes; drama breadcrumb","HTTP 200; indexable production policy; self-canonical; server-rendered facts; actual playback; matching schema; sitemap inclusion only if eligible; no invented metadata"
"episode","collection-62","collection-62-episode-6","/drama/mehmed-fetihler-sultani/season-1/episode-6","1","Subtitled","P2 evergreen","Sultan Muhammad Fateh Season 1 Episode 6 - Urdu & English Subtitles","sultan muhammad fateh season 1 episode 6 urdu subtitles","","Proposed target; no exact measured evidence","Confirm live publication and working rendition for this exact edition | Recheck language availability against live records","Prominent player; unique reviewed spoiler-free synopsis; language controls; accurate episode facts; spoilers behind visible control; descriptive thumbnail alt; true publication date","Answer exact season/broadcast identity and available languages in visible text; distinguish story fiction from sourced historical context; identify reviewer","VideoObject with actual selected rendition, name, unique stable thumbnailUrl, real uploadDate; valid contentUrl; omit fake embedUrl; TVSeries relation; BreadcrumbList","Season -> episode; previous/next published playable episodes; drama breadcrumb","HTTP 200; indexable production policy; self-canonical; server-rendered facts; actual playback; matching schema; sitemap inclusion only if eligible; no invented metadata"
"episode","collection-62","collection-62-episode-7","/drama/mehmed-fetihler-sultani/season-1/episode-7","1","Subtitled","P2 evergreen","Sultan Muhammad Fateh Season 1 Episode 7 - Urdu & English Subtitles","sultan muhammad fateh season 1 episode 7 urdu subtitles","","Proposed target; no exact measured evidence","Confirm live publication and working rendition for this exact edition | Recheck language availability against live records","Prominent player; unique reviewed spoiler-free synopsis; language controls; accurate episode facts; spoilers behind visible control; descriptive thumbnail alt; true publication date","Answer exact season/broadcast identity and available languages in visible text; distinguish story fiction from sourced historical context; identify reviewer","VideoObject with actual selected rendition, name, unique stable thumbnailUrl, real uploadDate; valid contentUrl; omit fake embedUrl; TVSeries relation; BreadcrumbList","Season -> episode; previous/next published playable episodes; drama breadcrumb","HTTP 200; indexable production policy; self-canonical; server-rendered facts; actual playback; matching schema; sitemap inclusion only if eligible; no invented metadata"
"episode","collection-62","collection-62-episode-8","/drama/mehmed-fetihler-sultani/season-1/episode-8","1","Subtitled","P2 evergreen","Sultan Muhammad Fateh Season 1 Episode 8 - Urdu & English Subtitles","sultan muhammad fateh season 1 episode 8 urdu subtitles","","Proposed target; no exact measured evidence","Confirm live publication and working rendition for this exact edition | Recheck language availability against live records","Prominent player; unique reviewed spoiler-free synopsis; language controls; accurate episode facts; spoilers behind visible control; descriptive thumbnail alt; true publication date","Answer exact season/broadcast identity and available languages in visible text; distinguish story fiction from sourced historical context; identify reviewer","VideoObject with actual selected rendition, name, unique stable thumbnailUrl, real uploadDate; valid contentUrl; omit fake embedUrl; TVSeries relation; BreadcrumbList","Season -> episode; previous/next published playable episodes; drama breadcrumb","HTTP 200; indexable production policy; self-canonical; server-rendered facts; actual playback; matching schema; sitemap inclusion only if eligible; no invented metadata"
"episode","collection-62","collection-62-episode-9","/drama/mehmed-fetihler-sultani/season-1/episode-9","1","Subtitled","P2 evergreen","Sultan Muhammad Fateh Season 1 Episode 9 - Urdu & English Subtitles","sultan muhammad fateh season 1 episode 9 urdu subtitles","","Proposed target; no exact measured evidence","Confirm live publication and working rendition for this exact edition | Recheck language availability against live records","Prominent player; unique reviewed spoiler-free synopsis; language controls; accurate episode facts; spoilers behind visible control; descriptive thumbnail alt; true publication date","Answer exact season/broadcast identity and available languages in visible text; distinguish story fiction from sourced historical context; identify reviewer","VideoObject with actual selected rendition, name, unique stable thumbnailUrl, real uploadDate; valid contentUrl; omit fake embedUrl; TVSeries relation; BreadcrumbList","Season -> episode; previous/next published playable episodes; drama breadcrumb","HTTP 200; indexable production policy; self-canonical; server-rendered facts; actual playback; matching schema; sitemap inclusion only if eligible; no invented metadata"
"episode","collection-62","collection-62-episode-10","/drama/mehmed-fetihler-sultani/season-1/episode-10","1","Subtitled","P2 evergreen","Sultan Muhammad Fateh Season 1 Episode 10 - Urdu & English Subtitles","sultan muhammad fateh season 1 episode 10 urdu subtitles","","Proposed target; no exact measured evidence","Confirm live publication and working rendition for this exact edition | Recheck language availability against live records","Prominent player; unique reviewed spoiler-free synopsis; language controls; accurate episode facts; spoilers behind visible control; descriptive thumbnail alt; true publication date","Answer exact season/broadcast identity and available languages in visible text; distinguish story fiction from sourced historical context; identify reviewer","VideoObject with actual selected rendition, name, unique stable thumbnailUrl, real uploadDate; valid contentUrl; omit fake embedUrl; TVSeries relation; BreadcrumbList","Season -> episode; previous/next published playable episodes; drama breadcrumb","HTTP 200; indexable production policy; self-canonical; server-rendered facts; actual playback; matching schema; sitemap inclusion only if eligible; no invented metadata"
"episode","collection-62","collection-62-episode-11","/drama/mehmed-fetihler-sultani/season-1/episode-11","1","Subtitled","P2 evergreen","Sultan Muhammad Fateh Season 1 Episode 11 - Urdu & English Subtitles","sultan muhammad fateh season 1 episode 11 urdu subtitles","","Proposed target; no exact measured evidence","Confirm live publication and working rendition for this exact edition | Recheck language availability against live records","Prominent player; unique reviewed spoiler-free synopsis; language controls; accurate episode facts; spoilers behind visible control; descriptive thumbnail alt; true publication date","Answer exact season/broadcast identity and available languages in visible text; distinguish story fiction from sourced historical context; identify reviewer","VideoObject with actual selected rendition, name, unique stable thumbnailUrl, real uploadDate; valid contentUrl; omit fake embedUrl; TVSeries relation; BreadcrumbList","Season -> episode; previous/next published playable episodes; drama breadcrumb","HTTP 200; indexable production policy; self-canonical; server-rendered facts; actual playback; matching schema; sitemap inclusion only if eligible; no invented metadata"
"episode","collection-62","collection-62-episode-12","/drama/mehmed-fetihler-sultani/season-1/episode-12","1","Subtitled","P2 evergreen","Sultan Muhammad Fateh Season 1 Episode 12 - Urdu & English Subtitles","sultan muhammad fateh season 1 episode 12 urdu subtitles","","Proposed target; no exact measured evidence","Confirm live publication and working rendition for this exact edition | Recheck language availability against live records","Prominent player; unique reviewed spoiler-free synopsis; language controls; accurate episode facts; spoilers behind visible control; descriptive thumbnail alt; true publication date","Answer exact season/broadcast identity and available languages in visible text; distinguish story fiction from sourced historical context; identify reviewer","VideoObject with actual selected rendition, name, unique stable thumbnailUrl, real uploadDate; valid contentUrl; omit fake embedUrl; TVSeries relation; BreadcrumbList","Season -> episode; previous/next published playable episodes; drama breadcrumb","HTTP 200; indexable production policy; self-canonical; server-rendered facts; actual playback; matching schema; sitemap inclusion only if eligible; no invented metadata"
"episode","collection-62","collection-62-episode-13","/drama/mehmed-fetihler-sultani/season-1/episode-13","1","Subtitled","P2 evergreen","Sultan Muhammad Fateh Season 1 Episode 13 - Urdu & English Subtitles","sultan muhammad fateh season 1 episode 13 urdu subtitles","","Proposed target; no exact measured evidence","Confirm live publication and working rendition for this exact edition | Recheck language availability against live records","Prominent player; unique reviewed spoiler-free synopsis; language controls; accurate episode facts; spoilers behind visible control; descriptive thumbnail alt; true publication date","Answer exact season/broadcast identity and available languages in visible text; distinguish story fiction from sourced historical context; identify reviewer","VideoObject with actual selected rendition, name, unique stable thumbnailUrl, real uploadDate; valid contentUrl; omit fake embedUrl; TVSeries relation; BreadcrumbList","Season -> episode; previous/next published playable episodes; drama breadcrumb","HTTP 200; indexable production policy; self-canonical; server-rendered facts; actual playback; matching schema; sitemap inclusion only if eligible; no invented metadata"
"episode","collection-62","collection-62-episode-14","/drama/mehmed-fetihler-sultani/season-1/episode-14","1","Subtitled","P2 evergreen","Sultan Muhammad Fateh Season 1 Episode 14 - Urdu & English Subtitles","sultan muhammad fateh season 1 episode 14 urdu subtitles","","Proposed target; no exact measured evidence","Confirm live publication and working rendition for this exact edition | Recheck language availability against live records","Prominent player; unique reviewed spoiler-free synopsis; language controls; accurate episode facts; spoilers behind visible control; descriptive thumbnail alt; true publication date","Answer exact season/broadcast identity and available languages in visible text; distinguish story fiction from sourced historical context; identify reviewer","VideoObject with actual selected rendition, name, unique stable thumbnailUrl, real uploadDate; valid contentUrl; omit fake embedUrl; TVSeries relation; BreadcrumbList","Season -> episode; previous/next published playable episodes; drama breadcrumb","HTTP 200; indexable production policy; self-canonical; server-rendered facts; actual playback; matching schema; sitemap inclusion only if eligible; no invented metadata"
"episode","collection-62","collection-62-episode-15","/drama/mehmed-fetihler-sultani/season-1/episode-15","1","Subtitled","P2 evergreen","Sultan Muhammad Fateh Season 1 Episode 15 - Urdu & English Subtitles","sultan muhammad fateh season 1 episode 15 urdu subtitles","","Proposed target; no exact measured evidence","Confirm live publication and working rendition for this exact edition | Recheck language availability against live records","Prominent player; unique reviewed spoiler-free synopsis; language controls; accurate episode facts; spoilers behind visible control; descriptive thumbnail alt; true publication date","Answer exact season/broadcast identity and available languages in visible text; distinguish story fiction from sourced historical context; identify reviewer","VideoObject with actual selected rendition, name, unique stable thumbnailUrl, real uploadDate; valid contentUrl; omit fake embedUrl; TVSeries relation; BreadcrumbList","Season -> episode; previous/next published playable episodes; drama breadcrumb","HTTP 200; indexable production policy; self-canonical; server-rendered facts; actual playback; matching schema; sitemap inclusion only if eligible; no invented metadata"
"season","collection-68","","/drama/mehmed-fetihler-sultani/season-2","2","Subtitled","P2 back catalog","Sultan Muhammad Fateh Season 2 - Urdu & English Subtitles","sultan muhammad fateh season 2 last episode","sultan muhammad fateh season 2 last episode [Pakistan; 50/month estimate] | mehmed fetihler sultani season 2 [United States; 10/month estimate] | mehmed fetihler sultanı season 2 [United Kingdom; 10/month estimate]","Provider estimate; match conditional on verified episode identity","Confirm live publication and working rendition for this exact edition | Recheck language availability against live records","Season-specific reviewed overview; edition switch; crawlable published episode list; availability; verified numbering explanation; accurate dates","Answer where this season begins and which subtitle/dubbed editions actually exist; cite official numbering evidence","TVSeries entity on drama; optional season/episode relationships and BreadcrumbList reflecting visible facts; no assumed rich-result eligibility","Drama -> edition -> episodes; other seasons and edition switch","HTTP 200; indexable production policy; self-canonical; server-rendered facts; actual playback; matching schema; sitemap inclusion only if eligible; no invented metadata"
"episode","collection-68","collection-68-episode-1","/drama/mehmed-fetihler-sultani/season-2/episode-1","2","Subtitled","P0 identity review before SEO","HOLD: verify episode identity before finalizing title","sultan muhammad fateh season 2 episode 1 in urdu","sultan muhammad fateh season 2 episode 1 in urdu [Pakistan; 90/month estimate] | sultan muhammad fateh season 2 ep 1 [Pakistan; 90/month estimate] | mehmed fetihler sultani season 2 episode 1 [United States; 10/month estimate] | mehmed the conqueror episode 1 english subtitles [United States; 10/month estimate] | sultan muhammad fateh season 2 episode 1 [Pakistan; unknown/month estimate]","Provider estimate; match conditional on verified episode identity","Confirm live publication and working rendition for this exact edition | Recheck language availability against live records | Season-2 episode-1 source identity unresolved; do not equate with broadcast 16 without evidence","Prominent player; unique reviewed spoiler-free synopsis; language controls; accurate episode facts; spoilers behind visible control; descriptive thumbnail alt; true publication date","Answer exact season/broadcast identity and available languages in visible text; distinguish story fiction from sourced historical context; identify reviewer","VideoObject with actual selected rendition, name, unique stable thumbnailUrl, real uploadDate; valid contentUrl; omit fake embedUrl; TVSeries relation; BreadcrumbList","Season -> episode; previous/next published playable episodes; drama breadcrumb","HTTP 200; indexable production policy; self-canonical; server-rendered facts; actual playback; matching schema; sitemap inclusion only if eligible; no invented metadata"
"episode","collection-68","collection-68-episode-16","/drama/mehmed-fetihler-sultani/season-2/episode-16","2","Subtitled","P2 back catalog","Sultan Muhammad Fateh Season 2 Episode 16 - English Subtitles","sultan muhammad fateh season 2 episode 16","sultan muhammad fateh season 2 episode 16 [Pakistan; 140/month estimate] | sultan muhammad fateh episode 16 [Pakistan; 90/month estimate] | sultan muhammad fateh season 2 episode 16 in urdu subtitles [Pakistan; 30/month estimate] | sultan muhammad fateh episode 16 season 2 [Pakistan; 10/month estimate] | mehmed fetihler sultani season 2 episode 16 urdu subtitles [United States; 0/month estimate]","Provider estimate; match conditional on verified episode identity","Confirm live publication and working rendition for this exact edition | Recheck language availability against live records","Prominent player; unique reviewed spoiler-free synopsis; language controls; accurate episode facts; spoilers behind visible control; descriptive thumbnail alt; true publication date","Answer exact season/broadcast identity and available languages in visible text; distinguish story fiction from sourced historical context; identify reviewer","VideoObject with actual selected rendition, name, unique stable thumbnailUrl, real uploadDate; valid contentUrl; omit fake embedUrl; TVSeries relation; BreadcrumbList","Season -> episode; previous/next published playable episodes; drama breadcrumb","HTTP 200; indexable production policy; self-canonical; server-rendered facts; actual playback; matching schema; sitemap inclusion only if eligible; no invented metadata"
"episode","collection-68","collection-68-episode-17","/drama/mehmed-fetihler-sultani/season-2/episode-17","2","Subtitled","P2 back catalog","Sultan Muhammad Fateh Season 2 Episode 17 - Urdu & English Subtitles","sultan muhammad fateh season 2 episode 17","sultan muhammad fateh season 2 episode 17 [Pakistan; 170/month estimate]","Provider estimate; match conditional on verified episode identity","Confirm live publication and working rendition for this exact edition | Recheck language availability against live records","Prominent player; unique reviewed spoiler-free synopsis; language controls; accurate episode facts; spoilers behind visible control; descriptive thumbnail alt; true publication date","Answer exact season/broadcast identity and available languages in visible text; distinguish story fiction from sourced historical context; identify reviewer","VideoObject with actual selected rendition, name, unique stable thumbnailUrl, real uploadDate; valid contentUrl; omit fake embedUrl; TVSeries relation; BreadcrumbList","Season -> episode; previous/next published playable episodes; drama breadcrumb","HTTP 200; indexable production policy; self-canonical; server-rendered facts; actual playback; matching schema; sitemap inclusion only if eligible; no invented metadata"
"episode","collection-68","collection-68-episode-18","/drama/mehmed-fetihler-sultani/season-2/episode-18","2","Subtitled","P2 back catalog","Sultan Muhammad Fateh Season 2 Episode 18 - Urdu & English Subtitles","sultan muhammad fateh season 2 episode 18","sultan muhammad fateh season 2 episode 18 [Pakistan; 70/month estimate]","Provider estimate; match conditional on verified episode identity","Confirm live publication and working rendition for this exact edition | Recheck language availability against live records","Prominent player; unique reviewed spoiler-free synopsis; language controls; accurate episode facts; spoilers behind visible control; descriptive thumbnail alt; true publication date","Answer exact season/broadcast identity and available languages in visible text; distinguish story fiction from sourced historical context; identify reviewer","VideoObject with actual selected rendition, name, unique stable thumbnailUrl, real uploadDate; valid contentUrl; omit fake embedUrl; TVSeries relation; BreadcrumbList","Season -> episode; previous/next published playable episodes; drama breadcrumb","HTTP 200; indexable production policy; self-canonical; server-rendered facts; actual playback; matching schema; sitemap inclusion only if eligible; no invented metadata"
"episode","collection-68","collection-68-episode-19","/drama/mehmed-fetihler-sultani/season-2/episode-19","2","Subtitled","P2 back catalog","Sultan Muhammad Fateh Season 2 Episode 19 - Urdu & English Subtitles","sultan muhammad fateh season 2 episode 19 urdu subtitles","","Proposed target; no exact measured evidence","Confirm live publication and working rendition for this exact edition | Recheck language availability against live records","Prominent player; unique reviewed spoiler-free synopsis; language controls; accurate episode facts; spoilers behind visible control; descriptive thumbnail alt; true publication date","Answer exact season/broadcast identity and available languages in visible text; distinguish story fiction from sourced historical context; identify reviewer","VideoObject with actual selected rendition, name, unique stable thumbnailUrl, real uploadDate; valid contentUrl; omit fake embedUrl; TVSeries relation; BreadcrumbList","Season -> episode; previous/next published playable episodes; drama breadcrumb","HTTP 200; indexable production policy; self-canonical; server-rendered facts; actual playback; matching schema; sitemap inclusion only if eligible; no invented metadata"
"episode","collection-68","collection-68-episode-20","/drama/mehmed-fetihler-sultani/season-2/episode-20","2","Subtitled","P2 back catalog","Sultan Muhammad Fateh Season 2 Episode 20 - Urdu & English Subtitles","sultan muhammad fateh season 2 episode 20 urdu subtitles","","Proposed target; no exact measured evidence","Confirm live publication and working rendition for this exact edition | Recheck language availability against live records","Prominent player; unique reviewed spoiler-free synopsis; language controls; accurate episode facts; spoilers behind visible control; descriptive thumbnail alt; true publication date","Answer exact season/broadcast identity and available languages in visible text; distinguish story fiction from sourced historical context; identify reviewer","VideoObject with actual selected rendition, name, unique stable thumbnailUrl, real uploadDate; valid contentUrl; omit fake embedUrl; TVSeries relation; BreadcrumbList","Season -> episode; previous/next published playable episodes; drama breadcrumb","HTTP 200; indexable production policy; self-canonical; server-rendered facts; actual playback; matching schema; sitemap inclusion only if eligible; no invented metadata"
"episode","collection-68","collection-68-episode-21","/drama/mehmed-fetihler-sultani/season-2/episode-21","2","Subtitled","P2 back catalog","Sultan Muhammad Fateh Season 2 Episode 21 - Urdu & English Subtitles","sultan muhammad fateh season 2 episode 21","sultan muhammad fateh season 2 episode 21 [Pakistan; 210/month estimate]","Provider estimate; match conditional on verified episode identity","Confirm live publication and working rendition for this exact edition | Recheck language availability against live records","Prominent player; unique reviewed spoiler-free synopsis; language controls; accurate episode facts; spoilers behind visible control; descriptive thumbnail alt; true publication date","Answer exact season/broadcast identity and available languages in visible text; distinguish story fiction from sourced historical context; identify reviewer","VideoObject with actual selected rendition, name, unique stable thumbnailUrl, real uploadDate; valid contentUrl; omit fake embedUrl; TVSeries relation; BreadcrumbList","Season -> episode; previous/next published playable episodes; drama breadcrumb","HTTP 200; indexable production policy; self-canonical; server-rendered facts; actual playback; matching schema; sitemap inclusion only if eligible; no invented metadata"
"episode","collection-68","collection-68-episode-22","/drama/mehmed-fetihler-sultani/season-2/episode-22","2","Subtitled","P2 back catalog","Sultan Muhammad Fateh Season 2 Episode 22 - Urdu & English Subtitles","sultan muhammad fateh season 2 episode 22 urdu subtitles","","Proposed target; no exact measured evidence","Confirm live publication and working rendition for this exact edition | Recheck language availability against live records","Prominent player; unique reviewed spoiler-free synopsis; language controls; accurate episode facts; spoilers behind visible control; descriptive thumbnail alt; true publication date","Answer exact season/broadcast identity and available languages in visible text; distinguish story fiction from sourced historical context; identify reviewer","VideoObject with actual selected rendition, name, unique stable thumbnailUrl, real uploadDate; valid contentUrl; omit fake embedUrl; TVSeries relation; BreadcrumbList","Season -> episode; previous/next published playable episodes; drama breadcrumb","HTTP 200; indexable production policy; self-canonical; server-rendered facts; actual playback; matching schema; sitemap inclusion only if eligible; no invented metadata"
"episode","collection-68","collection-68-episode-23","/drama/mehmed-fetihler-sultani/season-2/episode-23","2","Subtitled","P2 back catalog","Sultan Muhammad Fateh Season 2 Episode 23 - Urdu & English Subtitles","sultan muhammad fateh season 2 episode 23 urdu subtitles","","Proposed target; no exact measured evidence","Confirm live publication and working rendition for this exact edition | Recheck language availability against live records","Prominent player; unique reviewed spoiler-free synopsis; language controls; accurate episode facts; spoilers behind visible control; descriptive thumbnail alt; true publication date","Answer exact season/broadcast identity and available languages in visible text; distinguish story fiction from sourced historical context; identify reviewer","VideoObject with actual selected rendition, name, unique stable thumbnailUrl, real uploadDate; valid contentUrl; omit fake embedUrl; TVSeries relation; BreadcrumbList","Season -> episode; previous/next published playable episodes; drama breadcrumb","HTTP 200; indexable production policy; self-canonical; server-rendered facts; actual playback; matching schema; sitemap inclusion only if eligible; no invented metadata"
"episode","collection-68","collection-68-episode-24","/drama/mehmed-fetihler-sultani/season-2/episode-24","2","Subtitled","P2 back catalog","Sultan Muhammad Fateh Season 2 Episode 24 - Urdu & English Subtitles","sultan muhammad fateh season 2 episode 24 urdu subtitles","","Proposed target; no exact measured evidence","Confirm live publication and working rendition for this exact edition | Recheck language availability against live records","Prominent player; unique reviewed spoiler-free synopsis; language controls; accurate episode facts; spoilers behind visible control; descriptive thumbnail alt; true publication date","Answer exact season/broadcast identity and available languages in visible text; distinguish story fiction from sourced historical context; identify reviewer","VideoObject with actual selected rendition, name, unique stable thumbnailUrl, real uploadDate; valid contentUrl; omit fake embedUrl; TVSeries relation; BreadcrumbList","Season -> episode; previous/next published playable episodes; drama breadcrumb","HTTP 200; indexable production policy; self-canonical; server-rendered facts; actual playback; matching schema; sitemap inclusion only if eligible; no invented metadata"
"episode","collection-68","collection-68-episode-25","/drama/mehmed-fetihler-sultani/season-2/episode-25","2","Subtitled","P2 back catalog","Sultan Muhammad Fateh Season 2 Episode 25 - Urdu & English Subtitles","sultan muhammad fateh season 2 episode 25 urdu subtitles","","Proposed target; no exact measured evidence","Confirm live publication and working rendition for this exact edition | Recheck language availability against live records","Prominent player; unique reviewed spoiler-free synopsis; language controls; accurate episode facts; spoilers behind visible control; descriptive thumbnail alt; true publication date","Answer exact season/broadcast identity and available languages in visible text; distinguish story fiction from sourced historical context; identify reviewer","VideoObject with actual selected rendition, name, unique stable thumbnailUrl, real uploadDate; valid contentUrl; omit fake embedUrl; TVSeries relation; BreadcrumbList","Season -> episode; previous/next published playable episodes; drama breadcrumb","HTTP 200; indexable production policy; self-canonical; server-rendered facts; actual playback; matching schema; sitemap inclusion only if eligible; no invented metadata"
"episode","collection-68","collection-68-episode-26","/drama/mehmed-fetihler-sultani/season-2/episode-26","2","Subtitled","P2 back catalog","Sultan Muhammad Fateh Season 2 Episode 26 - Urdu & English Subtitles","sultan muhammad fateh season 2 episode 26","sultan muhammad fateh season 2 episode 26 [Pakistan; 170/month estimate]","Provider estimate; match conditional on verified episode identity","Confirm live publication and working rendition for this exact edition | Recheck language availability against live records","Prominent player; unique reviewed spoiler-free synopsis; language controls; accurate episode facts; spoilers behind visible control; descriptive thumbnail alt; true publication date","Answer exact season/broadcast identity and available languages in visible text; distinguish story fiction from sourced historical context; identify reviewer","VideoObject with actual selected rendition, name, unique stable thumbnailUrl, real uploadDate; valid contentUrl; omit fake embedUrl; TVSeries relation; BreadcrumbList","Season -> episode; previous/next published playable episodes; drama breadcrumb","HTTP 200; indexable production policy; self-canonical; server-rendered facts; actual playback; matching schema; sitemap inclusion only if eligible; no invented metadata"
"episode","collection-68","collection-68-episode-27","/drama/mehmed-fetihler-sultani/season-2/episode-27","2","Subtitled","P2 back catalog","Sultan Muhammad Fateh Season 2 Episode 27 - Urdu & English Subtitles","sultan muhammad fateh season 2 episode 27","sultan muhammad fateh season 2 episode 27 [Pakistan; 260/month estimate] | sultan muhammad fateh episode 27 [Pakistan; 50/month estimate] | sultan muhammad fateh season 2 episode 27 watch online [Pakistan; 30/month estimate]","Provider estimate; match conditional on verified episode identity","Confirm live publication and working rendition for this exact edition | Recheck language availability against live records","Prominent player; unique reviewed spoiler-free synopsis; language controls; accurate episode facts; spoilers behind visible control; descriptive thumbnail alt; true publication date","Answer exact season/broadcast identity and available languages in visible text; distinguish story fiction from sourced historical context; identify reviewer","VideoObject with actual selected rendition, name, unique stable thumbnailUrl, real uploadDate; valid contentUrl; omit fake embedUrl; TVSeries relation; BreadcrumbList","Season -> episode; previous/next published playable episodes; drama breadcrumb","HTTP 200; indexable production policy; self-canonical; server-rendered facts; actual playback; matching schema; sitemap inclusion only if eligible; no invented metadata"
"episode","collection-68","collection-68-episode-28","/drama/mehmed-fetihler-sultani/season-2/episode-28","2","Subtitled","P2 back catalog","Sultan Muhammad Fateh Season 2 Episode 28 - Urdu & English Subtitles","sultan muhammad fateh season 2 episode 28","sultan muhammad fateh season 2 episode 28 [Pakistan; 170/month estimate]","Provider estimate; match conditional on verified episode identity","Confirm live publication and working rendition for this exact edition | Recheck language availability against live records","Prominent player; unique reviewed spoiler-free synopsis; language controls; accurate episode facts; spoilers behind visible control; descriptive thumbnail alt; true publication date","Answer exact season/broadcast identity and available languages in visible text; distinguish story fiction from sourced historical context; identify reviewer","VideoObject with actual selected rendition, name, unique stable thumbnailUrl, real uploadDate; valid contentUrl; omit fake embedUrl; TVSeries relation; BreadcrumbList","Season -> episode; previous/next published playable episodes; drama breadcrumb","HTTP 200; indexable production policy; self-canonical; server-rendered facts; actual playback; matching schema; sitemap inclusion only if eligible; no invented metadata"
"episode","collection-68","collection-68-episode-29","/drama/mehmed-fetihler-sultani/season-2/episode-29","2","Subtitled","P2 back catalog","Sultan Muhammad Fateh Season 2 Episode 29 - Urdu & English Subtitles","sultan muhammad fateh season 2 episode 29","sultan muhammad fateh season 2 episode 29 [Pakistan; 140/month estimate]","Provider estimate; match conditional on verified episode identity","Confirm live publication and working rendition for this exact edition | Recheck language availability against live records","Prominent player; unique reviewed spoiler-free synopsis; language controls; accurate episode facts; spoilers behind visible control; descriptive thumbnail alt; true publication date","Answer exact season/broadcast identity and available languages in visible text; distinguish story fiction from sourced historical context; identify reviewer","VideoObject with actual selected rendition, name, unique stable thumbnailUrl, real uploadDate; valid contentUrl; omit fake embedUrl; TVSeries relation; BreadcrumbList","Season -> episode; previous/next published playable episodes; drama breadcrumb","HTTP 200; indexable production policy; self-canonical; server-rendered facts; actual playback; matching schema; sitemap inclusion only if eligible; no invented metadata"
"episode","collection-68","collection-68-episode-30","/drama/mehmed-fetihler-sultani/season-2/episode-30","2","Subtitled","P2 back catalog","Sultan Muhammad Fateh Season 2 Episode 30 - Urdu & English Subtitles","sultan muhammad fateh season 2 episode 30","sultan muhammad fateh season 2 episode 30 [Pakistan; 210/month estimate] | sultan muhammad fateh season 2 episode 30 in urdu subtitles [Pakistan; 20/month estimate]","Provider estimate; match conditional on verified episode identity","Confirm live publication and working rendition for this exact edition | Recheck language availability against live records","Prominent player; unique reviewed spoiler-free synopsis; language controls; accurate episode facts; spoilers behind visible control; descriptive thumbnail alt; true publication date","Answer exact season/broadcast identity and available languages in visible text; distinguish story fiction from sourced historical context; identify reviewer","VideoObject with actual selected rendition, name, unique stable thumbnailUrl, real uploadDate; valid contentUrl; omit fake embedUrl; TVSeries relation; BreadcrumbList","Season -> episode; previous/next published playable episodes; drama breadcrumb","HTTP 200; indexable production policy; self-canonical; server-rendered facts; actual playback; matching schema; sitemap inclusion only if eligible; no invented metadata"
"episode","collection-68","collection-68-episode-31","/drama/mehmed-fetihler-sultani/season-2/episode-31","2","Subtitled","P2 back catalog","Sultan Muhammad Fateh Season 2 Episode 31 - Urdu & English Subtitles","sultan muhammad fateh season 2 episode 31","sultan muhammad fateh season 2 episode 31 [Pakistan; 210/month estimate]","Provider estimate; match conditional on verified episode identity","Confirm live publication and working rendition for this exact edition | Recheck language availability against live records","Prominent player; unique reviewed spoiler-free synopsis; language controls; accurate episode facts; spoilers behind visible control; descriptive thumbnail alt; true publication date","Answer exact season/broadcast identity and available languages in visible text; distinguish story fiction from sourced historical context; identify reviewer","VideoObject with actual selected rendition, name, unique stable thumbnailUrl, real uploadDate; valid contentUrl; omit fake embedUrl; TVSeries relation; BreadcrumbList","Season -> episode; previous/next published playable episodes; drama breadcrumb","HTTP 200; indexable production policy; self-canonical; server-rendered facts; actual playback; matching schema; sitemap inclusion only if eligible; no invented metadata"
"episode","collection-68","collection-68-episode-32","/drama/mehmed-fetihler-sultani/season-2/episode-32","2","Subtitled","P2 back catalog","Sultan Muhammad Fateh Season 2 Episode 32 - Urdu & English Subtitles","sultan muhammad fateh season 2 episode 32","sultan muhammad fateh season 2 episode 32 [Pakistan; 260/month estimate]","Provider estimate; match conditional on verified episode identity","Confirm live publication and working rendition for this exact edition | Recheck language availability against live records","Prominent player; unique reviewed spoiler-free synopsis; language controls; accurate episode facts; spoilers behind visible control; descriptive thumbnail alt; true publication date","Answer exact season/broadcast identity and available languages in visible text; distinguish story fiction from sourced historical context; identify reviewer","VideoObject with actual selected rendition, name, unique stable thumbnailUrl, real uploadDate; valid contentUrl; omit fake embedUrl; TVSeries relation; BreadcrumbList","Season -> episode; previous/next published playable episodes; drama breadcrumb","HTTP 200; indexable production policy; self-canonical; server-rendered facts; actual playback; matching schema; sitemap inclusion only if eligible; no invented metadata"
"episode","collection-68","collection-68-episode-33","/drama/mehmed-fetihler-sultani/season-2/episode-33","2","Subtitled","P2 back catalog","Sultan Muhammad Fateh Season 2 Episode 33 - Urdu & English Subtitles","sultan muhammad fateh season 2 episode 33","sultan muhammad fateh season 2 episode 33 [Pakistan; 260/month estimate]","Provider estimate; match conditional on verified episode identity","Confirm live publication and working rendition for this exact edition | Recheck language availability against live records","Prominent player; unique reviewed spoiler-free synopsis; language controls; accurate episode facts; spoilers behind visible control; descriptive thumbnail alt; true publication date","Answer exact season/broadcast identity and available languages in visible text; distinguish story fiction from sourced historical context; identify reviewer","VideoObject with actual selected rendition, name, unique stable thumbnailUrl, real uploadDate; valid contentUrl; omit fake embedUrl; TVSeries relation; BreadcrumbList","Season -> episode; previous/next published playable episodes; drama breadcrumb","HTTP 200; indexable production policy; self-canonical; server-rendered facts; actual playback; matching schema; sitemap inclusion only if eligible; no invented metadata"
"episode","collection-68","collection-68-episode-34","/drama/mehmed-fetihler-sultani/season-2/episode-34","2","Subtitled","P2 back catalog","Sultan Muhammad Fateh Season 2 Episode 34 - Urdu & English Subtitles","sultan muhammad fateh season 2 episode 34","sultan muhammad fateh season 2 episode 34 [Pakistan; 260/month estimate]","Provider estimate; match conditional on verified episode identity","Confirm live publication and working rendition for this exact edition | Recheck language availability against live records","Prominent player; unique reviewed spoiler-free synopsis; language controls; accurate episode facts; spoilers behind visible control; descriptive thumbnail alt; true publication date","Answer exact season/broadcast identity and available languages in visible text; distinguish story fiction from sourced historical context; identify reviewer","VideoObject with actual selected rendition, name, unique stable thumbnailUrl, real uploadDate; valid contentUrl; omit fake embedUrl; TVSeries relation; BreadcrumbList","Season -> episode; previous/next published playable episodes; drama breadcrumb","HTTP 200; indexable production policy; self-canonical; server-rendered facts; actual playback; matching schema; sitemap inclusion only if eligible; no invented metadata"
"episode","collection-68","collection-68-episode-35","/drama/mehmed-fetihler-sultani/season-2/episode-35","2","Subtitled","P2 back catalog","Sultan Muhammad Fateh Season 2 Episode 35 - Urdu & English Subtitles","sultan muhammad fateh season 2 episode 35","sultan muhammad fateh season 2 episode 35 [Pakistan; 260/month estimate]","Provider estimate; match conditional on verified episode identity","Confirm live publication and working rendition for this exact edition | Recheck language availability against live records","Prominent player; unique reviewed spoiler-free synopsis; language controls; accurate episode facts; spoilers behind visible control; descriptive thumbnail alt; true publication date","Answer exact season/broadcast identity and available languages in visible text; distinguish story fiction from sourced historical context; identify reviewer","VideoObject with actual selected rendition, name, unique stable thumbnailUrl, real uploadDate; valid contentUrl; omit fake embedUrl; TVSeries relation; BreadcrumbList","Season -> episode; previous/next published playable episodes; drama breadcrumb","HTTP 200; indexable production policy; self-canonical; server-rendered facts; actual playback; matching schema; sitemap inclusion only if eligible; no invented metadata"
"episode","collection-68","collection-68-episode-36","/drama/mehmed-fetihler-sultani/season-2/episode-36","2","Subtitled","P2 back catalog","Sultan Muhammad Fateh Season 2 Episode 36 - Urdu & English Subtitles","sultan muhammad fateh season 2 episode 36","sultan muhammad fateh season 2 episode 36 [Pakistan; 390/month estimate] | sultan muhammad fateh episode 36 [Pakistan; 50/month estimate]","Provider estimate; match conditional on verified episode identity","Confirm live publication and working rendition for this exact edition | Recheck language availability against live records","Prominent player; unique reviewed spoiler-free synopsis; language controls; accurate episode facts; spoilers behind visible control; descriptive thumbnail alt; true publication date","Answer exact season/broadcast identity and available languages in visible text; distinguish story fiction from sourced historical context; identify reviewer","VideoObject with actual selected rendition, name, unique stable thumbnailUrl, real uploadDate; valid contentUrl; omit fake embedUrl; TVSeries relation; BreadcrumbList","Season -> episode; previous/next published playable episodes; drama breadcrumb","HTTP 200; indexable production policy; self-canonical; server-rendered facts; actual playback; matching schema; sitemap inclusion only if eligible; no invented metadata"
"episode","collection-68","collection-68-episode-37","/drama/mehmed-fetihler-sultani/season-2/episode-37","2","Subtitled","P2 back catalog","Sultan Muhammad Fateh Season 2 Episode 37 - Urdu & English Subtitles","sultan muhammad fateh season 2 episode 37 in urdu subtitles","sultan muhammad fateh season 2 episode 37 in urdu subtitles [Pakistan; 70/month estimate] | sultan muhammad fateh episode 37 [Pakistan; 50/month estimate]","Provider estimate; match conditional on verified episode identity","Confirm live publication and working rendition for this exact edition | Recheck language availability against live records","Prominent player; unique reviewed spoiler-free synopsis; language controls; accurate episode facts; spoilers behind visible control; descriptive thumbnail alt; true publication date","Answer exact season/broadcast identity and available languages in visible text; distinguish story fiction from sourced historical context; identify reviewer","VideoObject with actual selected rendition, name, unique stable thumbnailUrl, real uploadDate; valid contentUrl; omit fake embedUrl; TVSeries relation; BreadcrumbList","Season -> episode; previous/next published playable episodes; drama breadcrumb","HTTP 200; indexable production policy; self-canonical; server-rendered facts; actual playback; matching schema; sitemap inclusion only if eligible; no invented metadata"
"episode","collection-68","collection-68-episode-38","/drama/mehmed-fetihler-sultani/season-2/episode-38","2","Subtitled","P2 back catalog","Sultan Muhammad Fateh Season 2 Episode 38 - Urdu & English Subtitles","sultan muhammad fateh season 2 episode 38","sultan muhammad fateh season 2 episode 38 [Pakistan; 260/month estimate]","Provider estimate; match conditional on verified episode identity","Confirm live publication and working rendition for this exact edition | Recheck language availability against live records","Prominent player; unique reviewed spoiler-free synopsis; language controls; accurate episode facts; spoilers behind visible control; descriptive thumbnail alt; true publication date","Answer exact season/broadcast identity and available languages in visible text; distinguish story fiction from sourced historical context; identify reviewer","VideoObject with actual selected rendition, name, unique stable thumbnailUrl, real uploadDate; valid contentUrl; omit fake embedUrl; TVSeries relation; BreadcrumbList","Season -> episode; previous/next published playable episodes; drama breadcrumb","HTTP 200; indexable production policy; self-canonical; server-rendered facts; actual playback; matching schema; sitemap inclusion only if eligible; no invented metadata"
"episode","collection-68","collection-68-episode-39","/drama/mehmed-fetihler-sultani/season-2/episode-39","2","Subtitled","P2 back catalog","Sultan Muhammad Fateh Season 2 Episode 39 - Urdu & English Subtitles","sultan muhammad fateh season 2 episode 39","sultan muhammad fateh season 2 episode 39 [Pakistan; 210/month estimate]","Provider estimate; match conditional on verified episode identity","Confirm live publication and working rendition for this exact edition | Recheck language availability against live records","Prominent player; unique reviewed spoiler-free synopsis; language controls; accurate episode facts; spoilers behind visible control; descriptive thumbnail alt; true publication date","Answer exact season/broadcast identity and available languages in visible text; distinguish story fiction from sourced historical context; identify reviewer","VideoObject with actual selected rendition, name, unique stable thumbnailUrl, real uploadDate; valid contentUrl; omit fake embedUrl; TVSeries relation; BreadcrumbList","Season -> episode; previous/next published playable episodes; drama breadcrumb","HTTP 200; indexable production policy; self-canonical; server-rendered facts; actual playback; matching schema; sitemap inclusion only if eligible; no invented metadata"
"episode","collection-68","collection-68-episode-40","/drama/mehmed-fetihler-sultani/season-2/episode-40","2","Subtitled","P2 back catalog","Sultan Muhammad Fateh Season 2 Episode 40 - Urdu & English Subtitles","sultan muhammad fateh season 2 episode 40","sultan muhammad fateh season 2 episode 40 [Pakistan; 390/month estimate]","Provider estimate; match conditional on verified episode identity","Confirm live publication and working rendition for this exact edition | Recheck language availability against live records","Prominent player; unique reviewed spoiler-free synopsis; language controls; accurate episode facts; spoilers behind visible control; descriptive thumbnail alt; true publication date","Answer exact season/broadcast identity and available languages in visible text; distinguish story fiction from sourced historical context; identify reviewer","VideoObject with actual selected rendition, name, unique stable thumbnailUrl, real uploadDate; valid contentUrl; omit fake embedUrl; TVSeries relation; BreadcrumbList","Season -> episode; previous/next published playable episodes; drama breadcrumb","HTTP 200; indexable production policy; self-canonical; server-rendered facts; actual playback; matching schema; sitemap inclusion only if eligible; no invented metadata"
"episode","collection-68","collection-68-episode-41","/drama/mehmed-fetihler-sultani/season-2/episode-41","2","Subtitled","P2 back catalog","Sultan Muhammad Fateh Season 2 Episode 41 - Urdu & English Subtitles","sultan muhammad fateh season 2 episode 41","sultan muhammad fateh season 2 episode 41 [Pakistan; 260/month estimate]","Provider estimate; match conditional on verified episode identity","Confirm live publication and working rendition for this exact edition | Recheck language availability against live records","Prominent player; unique reviewed spoiler-free synopsis; language controls; accurate episode facts; spoilers behind visible control; descriptive thumbnail alt; true publication date","Answer exact season/broadcast identity and available languages in visible text; distinguish story fiction from sourced historical context; identify reviewer","VideoObject with actual selected rendition, name, unique stable thumbnailUrl, real uploadDate; valid contentUrl; omit fake embedUrl; TVSeries relation; BreadcrumbList","Season -> episode; previous/next published playable episodes; drama breadcrumb","HTTP 200; indexable production policy; self-canonical; server-rendered facts; actual playback; matching schema; sitemap inclusion only if eligible; no invented metadata"
"episode","collection-68","collection-68-episode-42","/drama/mehmed-fetihler-sultani/season-2/episode-42","2","Subtitled","P2 back catalog","Sultan Muhammad Fateh Season 2 Episode 42 - Urdu & English Subtitles","sultan muhammad fateh season 2 episode 42","sultan muhammad fateh season 2 episode 42 [Pakistan; 260/month estimate] | sultan muhammad fateh episode 42 [Pakistan; 50/month estimate]","Provider estimate; match conditional on verified episode identity","Confirm live publication and working rendition for this exact edition | Recheck language availability against live records","Prominent player; unique reviewed spoiler-free synopsis; language controls; accurate episode facts; spoilers behind visible control; descriptive thumbnail alt; true publication date","Answer exact season/broadcast identity and available languages in visible text; distinguish story fiction from sourced historical context; identify reviewer","VideoObject with actual selected rendition, name, unique stable thumbnailUrl, real uploadDate; valid contentUrl; omit fake embedUrl; TVSeries relation; BreadcrumbList","Season -> episode; previous/next published playable episodes; drama breadcrumb","HTTP 200; indexable production policy; self-canonical; server-rendered facts; actual playback; matching schema; sitemap inclusion only if eligible; no invented metadata"
"episode","collection-68","collection-68-episode-43","/drama/mehmed-fetihler-sultani/season-2/episode-43","2","Subtitled","P2 back catalog","Sultan Muhammad Fateh Season 2 Episode 43 - Urdu & English Subtitles","sultan muhammad fateh season 2 episode 43","sultan muhammad fateh season 2 episode 43 [Pakistan; 320/month estimate] | sultan muhammad fateh episode 43 [Pakistan; 70/month estimate]","Provider estimate; match conditional on verified episode identity","Confirm live publication and working rendition for this exact edition | Recheck language availability against live records","Prominent player; unique reviewed spoiler-free synopsis; language controls; accurate episode facts; spoilers behind visible control; descriptive thumbnail alt; true publication date","Answer exact season/broadcast identity and available languages in visible text; distinguish story fiction from sourced historical context; identify reviewer","VideoObject with actual selected rendition, name, unique stable thumbnailUrl, real uploadDate; valid contentUrl; omit fake embedUrl; TVSeries relation; BreadcrumbList","Season -> episode; previous/next published playable episodes; drama breadcrumb","HTTP 200; indexable production policy; self-canonical; server-rendered facts; actual playback; matching schema; sitemap inclusion only if eligible; no invented metadata"
"episode","collection-68","collection-68-episode-44","/drama/mehmed-fetihler-sultani/season-2/episode-44","2","Subtitled","P2 back catalog","Sultan Muhammad Fateh Season 2 Episode 44 - Urdu & English Subtitles","sultan muhammad fateh season 2 episode 44","sultan muhammad fateh season 2 episode 44 [Pakistan; 260/month estimate]","Provider estimate; match conditional on verified episode identity","Confirm live publication and working rendition for this exact edition | Recheck language availability against live records","Prominent player; unique reviewed spoiler-free synopsis; language controls; accurate episode facts; spoilers behind visible control; descriptive thumbnail alt; true publication date","Answer exact season/broadcast identity and available languages in visible text; distinguish story fiction from sourced historical context; identify reviewer","VideoObject with actual selected rendition, name, unique stable thumbnailUrl, real uploadDate; valid contentUrl; omit fake embedUrl; TVSeries relation; BreadcrumbList","Season -> episode; previous/next published playable episodes; drama breadcrumb","HTTP 200; indexable production policy; self-canonical; server-rendered facts; actual playback; matching schema; sitemap inclusion only if eligible; no invented metadata"
"episode","collection-68","collection-68-episode-45","/drama/mehmed-fetihler-sultani/season-2/episode-45","2","Subtitled","P2 back catalog","Sultan Muhammad Fateh Season 2 Episode 45 - Urdu & English Subtitles","sultan muhammad fateh season 2 episode 45","sultan muhammad fateh season 2 episode 45 [Pakistan; 260/month estimate]","Provider estimate; match conditional on verified episode identity","Confirm live publication and working rendition for this exact edition | Recheck language availability against live records","Prominent player; unique reviewed spoiler-free synopsis; language controls; accurate episode facts; spoilers behind visible control; descriptive thumbnail alt; true publication date","Answer exact season/broadcast identity and available languages in visible text; distinguish story fiction from sourced historical context; identify reviewer","VideoObject with actual selected rendition, name, unique stable thumbnailUrl, real uploadDate; valid contentUrl; omit fake embedUrl; TVSeries relation; BreadcrumbList","Season -> episode; previous/next published playable episodes; drama breadcrumb","HTTP 200; indexable production policy; self-canonical; server-rendered facts; actual playback; matching schema; sitemap inclusion only if eligible; no invented metadata"
"episode","collection-68","collection-68-episode-46","/drama/mehmed-fetihler-sultani/season-2/episode-46","2","Subtitled","P2 back catalog","Sultan Muhammad Fateh Season 2 Episode 46 - Urdu & English Subtitles","sultan muhammad fateh season 2 episode 46","sultan muhammad fateh season 2 episode 46 [Pakistan; 320/month estimate] | sultan muhammad fateh episode 46 [Pakistan; 70/month estimate]","Provider estimate; match conditional on verified episode identity","Confirm live publication and working rendition for this exact edition | Recheck language availability against live records","Prominent player; unique reviewed spoiler-free synopsis; language controls; accurate episode facts; spoilers behind visible control; descriptive thumbnail alt; true publication date","Answer exact season/broadcast identity and available languages in visible text; distinguish story fiction from sourced historical context; identify reviewer","VideoObject with actual selected rendition, name, unique stable thumbnailUrl, real uploadDate; valid contentUrl; omit fake embedUrl; TVSeries relation; BreadcrumbList","Season -> episode; previous/next published playable episodes; drama breadcrumb","HTTP 200; indexable production policy; self-canonical; server-rendered facts; actual playback; matching schema; sitemap inclusion only if eligible; no invented metadata"
"episode","collection-68","collection-68-episode-47","/drama/mehmed-fetihler-sultani/season-2/episode-47","2","Subtitled","P2 back catalog","Sultan Muhammad Fateh Season 2 Episode 47 - Urdu & English Subtitles","sultan muhammad fateh season 2 episode 47","sultan muhammad fateh season 2 episode 47 [Pakistan; 260/month estimate]","Provider estimate; match conditional on verified episode identity","Confirm live publication and working rendition for this exact edition | Recheck language availability against live records","Prominent player; unique reviewed spoiler-free synopsis; language controls; accurate episode facts; spoilers behind visible control; descriptive thumbnail alt; true publication date","Answer exact season/broadcast identity and available languages in visible text; distinguish story fiction from sourced historical context; identify reviewer","VideoObject with actual selected rendition, name, unique stable thumbnailUrl, real uploadDate; valid contentUrl; omit fake embedUrl; TVSeries relation; BreadcrumbList","Season -> episode; previous/next published playable episodes; drama breadcrumb","HTTP 200; indexable production policy; self-canonical; server-rendered facts; actual playback; matching schema; sitemap inclusion only if eligible; no invented metadata"
"episode","collection-68","collection-68-episode-48","/drama/mehmed-fetihler-sultani/season-2/episode-48","2","Subtitled","P2 back catalog","Sultan Muhammad Fateh Season 2 Episode 48 - Urdu & English Subtitles","sultan muhammad fateh episode 48","sultan muhammad fateh episode 48 [Pakistan; 70/month estimate]","Provider estimate; match conditional on verified episode identity","Confirm live publication and working rendition for this exact edition | Recheck language availability against live records","Prominent player; unique reviewed spoiler-free synopsis; language controls; accurate episode facts; spoilers behind visible control; descriptive thumbnail alt; true publication date","Answer exact season/broadcast identity and available languages in visible text; distinguish story fiction from sourced historical context; identify reviewer","VideoObject with actual selected rendition, name, unique stable thumbnailUrl, real uploadDate; valid contentUrl; omit fake embedUrl; TVSeries relation; BreadcrumbList","Season -> episode; previous/next published playable episodes; drama breadcrumb","HTTP 200; indexable production policy; self-canonical; server-rendered facts; actual playback; matching schema; sitemap inclusion only if eligible; no invented metadata"
"episode","collection-68","collection-68-bolum-149","/drama/mehmed-fetihler-sultani/season-2/episode-49","2","Subtitled","P0 identity review before SEO","HOLD: verify episode identity before finalizing title","sultan muhammad fateh season 2 episode 49","sultan muhammad fateh season 2 episode 49 [Pakistan; 480/month estimate] | sultan muhammad fateh episode 49 [Pakistan; 110/month estimate] | sultan muhammad fateh season 2 episode 49 in urdu subtitles [Pakistan; 50/month estimate]","Provider estimate; match conditional on verified episode identity","Confirm live publication and working rendition for this exact edition | Recheck language availability against live records | Duplicate number within edition: collection-68-bolum-149; collection-68-bolum-49; inspect cuts/variants before merging or changing canonical | BOLUM 149 conflicts with episode 49: verify original source identity","Prominent player; unique reviewed spoiler-free synopsis; language controls; accurate episode facts; spoilers behind visible control; descriptive thumbnail alt; true publication date","Answer exact season/broadcast identity and available languages in visible text; distinguish story fiction from sourced historical context; identify reviewer","VideoObject with actual selected rendition, name, unique stable thumbnailUrl, real uploadDate; valid contentUrl; omit fake embedUrl; TVSeries relation; BreadcrumbList","Season -> episode; previous/next published playable episodes; drama breadcrumb","HTTP 200; indexable production policy; self-canonical; server-rendered facts; actual playback; matching schema; sitemap inclusion only if eligible; no invented metadata"
"episode","collection-68","collection-68-bolum-49","/drama/mehmed-fetihler-sultani/season-2/episode-49-b","2","Subtitled","P0 identity review before SEO","HOLD: verify episode identity before finalizing title","sultan muhammad fateh season 2 episode 49","sultan muhammad fateh season 2 episode 49 [Pakistan; 480/month estimate] | sultan muhammad fateh episode 49 [Pakistan; 110/month estimate] | sultan muhammad fateh season 2 episode 49 in urdu subtitles [Pakistan; 50/month estimate]","Provider estimate; match conditional on verified episode identity","Confirm live publication and working rendition for this exact edition | Recheck language availability against live records | Duplicate number within edition: collection-68-bolum-149; collection-68-bolum-49; inspect cuts/variants before merging or changing canonical","Prominent player; unique reviewed spoiler-free synopsis; language controls; accurate episode facts; spoilers behind visible control; descriptive thumbnail alt; true publication date","Answer exact season/broadcast identity and available languages in visible text; distinguish story fiction from sourced historical context; identify reviewer","VideoObject with actual selected rendition, name, unique stable thumbnailUrl, real uploadDate; valid contentUrl; omit fake embedUrl; TVSeries relation; BreadcrumbList","Season -> episode; previous/next published playable episodes; drama breadcrumb","HTTP 200; indexable production policy; self-canonical; server-rendered facts; actual playback; matching schema; sitemap inclusion only if eligible; no invented metadata"
"season","collection-76","","/drama/mehmed-fetihler-sultani/season-3","3","Subtitled","P1 demand","Sultan Muhammad Fateh Season 3 - Urdu & English Subtitles","sultan muhammad fateh season 3","sultan muhammad fateh season 3 [Pakistan; 1600/month estimate] | mehmed fetihler sultani season 3 [United States; 20/month estimate]","Provider estimate; match conditional on verified episode identity","Confirm live publication and working rendition for this exact edition | Recheck language availability against live records","Season-specific reviewed overview; edition switch; crawlable published episode list; availability; verified numbering explanation; accurate dates","Answer where this season begins and which subtitle/dubbed editions actually exist; cite official numbering evidence","TVSeries entity on drama; optional season/episode relationships and BreadcrumbList reflecting visible facts; no assumed rich-result eligibility","Drama -> edition -> episodes; other seasons and edition switch","HTTP 200; indexable production policy; self-canonical; server-rendered facts; actual playback; matching schema; sitemap inclusion only if eligible; no invented metadata"
"episode","collection-76","collection-76-episode-50","/drama/mehmed-fetihler-sultani/season-3/episode-50","3","Subtitled","P1 demand","Sultan Muhammad Fateh Season 3 Episode 50 - Urdu Subtitles","sultan muhammad fateh season 3 ep 1","sultan muhammad fateh season 3 ep 1 [Pakistan; 880/month estimate] | sultan muhammad fateh season 3 episode 1 [Pakistan; 880/month estimate] | sultan muhammad fateh season 3 episode 50 [Pakistan; 140/month estimate] | sultan muhammad fateh season 3 episode 1 in urdu subtitles [Pakistan; 110/month estimate] | sultan muhammad fateh episode 50 [Pakistan; 110/month estimate] | sultan muhammad fateh season 3 ep 50 [Pakistan; 40/month estimate]","Provider estimate; match conditional on verified episode identity","Confirm live publication and working rendition for this exact edition | Recheck language availability against live records | TRT confirms season opening at broadcast 50; season-local episode 1 is a supporting alias only","Prominent player; unique reviewed spoiler-free synopsis; language controls; accurate episode facts; spoilers behind visible control; descriptive thumbnail alt; true publication date","Answer exact season/broadcast identity and available languages in visible text; distinguish story fiction from sourced historical context; identify reviewer","VideoObject with actual selected rendition, name, unique stable thumbnailUrl, real uploadDate; valid contentUrl; omit fake embedUrl; TVSeries relation; BreadcrumbList","Season -> episode; previous/next published playable episodes; drama breadcrumb","HTTP 200; indexable production policy; self-canonical; server-rendered facts; actual playback; matching schema; sitemap inclusion only if eligible; no invented metadata"
"episode","collection-76","collection-76-episode-51","/drama/mehmed-fetihler-sultani/season-3/episode-51","3","Subtitled","P1 demand","Sultan Muhammad Fateh Season 3 Episode 51 - Urdu Subtitles","sultan muhammad fateh season 3 episode 51","sultan muhammad fateh season 3 episode 51 [Pakistan; 210/month estimate] | sultan muhammad fateh season 3 episode 51 in urdu subtitles [Pakistan; 40/month estimate] | sultan muhammad fateh season 3 ep 51 [Pakistan; 30/month estimate]","Provider estimate; match conditional on verified episode identity","Confirm live publication and working rendition for this exact edition | Recheck language availability against live records","Prominent player; unique reviewed spoiler-free synopsis; language controls; accurate episode facts; spoilers behind visible control; descriptive thumbnail alt; true publication date","Answer exact season/broadcast identity and available languages in visible text; distinguish story fiction from sourced historical context; identify reviewer","VideoObject with actual selected rendition, name, unique stable thumbnailUrl, real uploadDate; valid contentUrl; omit fake embedUrl; TVSeries relation; BreadcrumbList","Season -> episode; previous/next published playable episodes; drama breadcrumb","HTTP 200; indexable production policy; self-canonical; server-rendered facts; actual playback; matching schema; sitemap inclusion only if eligible; no invented metadata"
"episode","collection-76","collection-76-bolum-52","/drama/mehmed-fetihler-sultani/season-3/episode-52","3","Subtitled","P0 identity review before SEO","HOLD: verify episode identity before finalizing title","sultan muhammad fateh season 3 episode 52 urdu subtitles","","Proposed target; no exact measured evidence","Confirm live publication and working rendition for this exact edition | Recheck language availability against live records | Duplicate number within edition: collection-76-bolum-52; collection-76-episode-52; inspect cuts/variants before merging or changing canonical","Prominent player; unique reviewed spoiler-free synopsis; language controls; accurate episode facts; spoilers behind visible control; descriptive thumbnail alt; true publication date","Answer exact season/broadcast identity and available languages in visible text; distinguish story fiction from sourced historical context; identify reviewer","VideoObject with actual selected rendition, name, unique stable thumbnailUrl, real uploadDate; valid contentUrl; omit fake embedUrl; TVSeries relation; BreadcrumbList","Season -> episode; previous/next published playable episodes; drama breadcrumb","HTTP 200; indexable production policy; self-canonical; server-rendered facts; actual playback; matching schema; sitemap inclusion only if eligible; no invented metadata"
"episode","collection-76","collection-76-episode-52","/drama/mehmed-fetihler-sultani/season-3/episode-52-b","3","Subtitled","P0 identity review before SEO","HOLD: verify episode identity before finalizing title","sultan muhammad fateh season 3 episode 52 urdu subtitles","","Proposed target; no exact measured evidence","Confirm live publication and working rendition for this exact edition | Recheck language availability against live records | Duplicate number within edition: collection-76-bolum-52; collection-76-episode-52; inspect cuts/variants before merging or changing canonical","Prominent player; unique reviewed spoiler-free synopsis; language controls; accurate episode facts; spoilers behind visible control; descriptive thumbnail alt; true publication date","Answer exact season/broadcast identity and available languages in visible text; distinguish story fiction from sourced historical context; identify reviewer","VideoObject with actual selected rendition, name, unique stable thumbnailUrl, real uploadDate; valid contentUrl; omit fake embedUrl; TVSeries relation; BreadcrumbList","Season -> episode; previous/next published playable episodes; drama breadcrumb","HTTP 200; indexable production policy; self-canonical; server-rendered facts; actual playback; matching schema; sitemap inclusion only if eligible; no invented metadata"
"episode","collection-76","collection-76-episode-53","/drama/mehmed-fetihler-sultani/season-3/episode-53","3","Subtitled","P1 demand","Sultan Muhammad Fateh Season 3 Episode 53 - Urdu & English Subtitles","sultan muhammad fateh season 3 episode 53","sultan muhammad fateh season 3 episode 53 [Pakistan; 210/month estimate]","Provider estimate; match conditional on verified episode identity","Confirm live publication and working rendition for this exact edition | Recheck language availability against live records","Prominent player; unique reviewed spoiler-free synopsis; language controls; accurate episode facts; spoilers behind visible control; descriptive thumbnail alt; true publication date","Answer exact season/broadcast identity and available languages in visible text; distinguish story fiction from sourced historical context; identify reviewer","VideoObject with actual selected rendition, name, unique stable thumbnailUrl, real uploadDate; valid contentUrl; omit fake embedUrl; TVSeries relation; BreadcrumbList","Season -> episode; previous/next published playable episodes; drama breadcrumb","HTTP 200; indexable production policy; self-canonical; server-rendered facts; actual playback; matching schema; sitemap inclusion only if eligible; no invented metadata"
"episode","collection-76","collection-76-episode-54","/drama/mehmed-fetihler-sultani/season-3/episode-54","3","Subtitled","P1 demand","Sultan Muhammad Fateh Season 3 Episode 54 - Urdu & English Subtitles","sultan muhammad fateh season 3 episode 54","sultan muhammad fateh season 3 episode 54 [Pakistan; 320/month estimate]","Provider estimate; match conditional on verified episode identity","Confirm live publication and working rendition for this exact edition | Recheck language availability against live records","Prominent player; unique reviewed spoiler-free synopsis; language controls; accurate episode facts; spoilers behind visible control; descriptive thumbnail alt; true publication date","Answer exact season/broadcast identity and available languages in visible text; distinguish story fiction from sourced historical context; identify reviewer","VideoObject with actual selected rendition, name, unique stable thumbnailUrl, real uploadDate; valid contentUrl; omit fake embedUrl; TVSeries relation; BreadcrumbList","Season -> episode; previous/next published playable episodes; drama breadcrumb","HTTP 200; indexable production policy; self-canonical; server-rendered facts; actual playback; matching schema; sitemap inclusion only if eligible; no invented metadata"
"episode","collection-76","collection-76-episode-55","/drama/mehmed-fetihler-sultani/season-3/episode-55","3","Subtitled","P1 demand","Sultan Muhammad Fateh Season 3 Episode 55 - Urdu & English Subtitles","sultan muhammad fateh season 3 episode 55","sultan muhammad fateh season 3 episode 55 [Pakistan; 480/month estimate]","Provider estimate; match conditional on verified episode identity","Confirm live publication and working rendition for this exact edition | Recheck language availability against live records","Prominent player; unique reviewed spoiler-free synopsis; language controls; accurate episode facts; spoilers behind visible control; descriptive thumbnail alt; true publication date","Answer exact season/broadcast identity and available languages in visible text; distinguish story fiction from sourced historical context; identify reviewer","VideoObject with actual selected rendition, name, unique stable thumbnailUrl, real uploadDate; valid contentUrl; omit fake embedUrl; TVSeries relation; BreadcrumbList","Season -> episode; previous/next published playable episodes; drama breadcrumb","HTTP 200; indexable production policy; self-canonical; server-rendered facts; actual playback; matching schema; sitemap inclusion only if eligible; no invented metadata"
"episode","collection-76","collection-76-episode-56","/drama/mehmed-fetihler-sultani/season-3/episode-56","3","Subtitled","P1 demand","Sultan Muhammad Fateh Season 3 Episode 56 - Urdu & English Subtitles","sultan muhammad fateh season 3 episode 56","sultan muhammad fateh season 3 episode 56 [Pakistan; 390/month estimate]","Provider estimate; match conditional on verified episode identity","Confirm live publication and working rendition for this exact edition | Recheck language availability against live records","Prominent player; unique reviewed spoiler-free synopsis; language controls; accurate episode facts; spoilers behind visible control; descriptive thumbnail alt; true publication date","Answer exact season/broadcast identity and available languages in visible text; distinguish story fiction from sourced historical context; identify reviewer","VideoObject with actual selected rendition, name, unique stable thumbnailUrl, real uploadDate; valid contentUrl; omit fake embedUrl; TVSeries relation; BreadcrumbList","Season -> episode; previous/next published playable episodes; drama breadcrumb","HTTP 200; indexable production policy; self-canonical; server-rendered facts; actual playback; matching schema; sitemap inclusion only if eligible; no invented metadata"
"episode","collection-76","collection-76-episode-57","/drama/mehmed-fetihler-sultani/season-3/episode-57","3","Subtitled","P1 demand","Sultan Muhammad Fateh Season 3 Episode 57 - Urdu & English Subtitles","sultan muhammad fateh season 3 episode 57","sultan muhammad fateh season 3 episode 57 [Pakistan; 390/month estimate] | sultan muhammad fateh season 3 episode 57 in urdu subtitles [Pakistan; 90/month estimate] | sultan muhammad fateh season 3 ep 57 [Pakistan; 40/month estimate] | sultan muhammad fateh season 3 episode 57 urdu subtitles [Pakistan; 10/month estimate]","Provider estimate; match conditional on verified episode identity","Confirm live publication and working rendition for this exact edition | Recheck language availability against live records","Prominent player; unique reviewed spoiler-free synopsis; language controls; accurate episode facts; spoilers behind visible control; descriptive thumbnail alt; true publication date","Answer exact season/broadcast identity and available languages in visible text; distinguish story fiction from sourced historical context; identify reviewer","VideoObject with actual selected rendition, name, unique stable thumbnailUrl, real uploadDate; valid contentUrl; omit fake embedUrl; TVSeries relation; BreadcrumbList","Season -> episode; previous/next published playable episodes; drama breadcrumb","HTTP 200; indexable production policy; self-canonical; server-rendered facts; actual playback; matching schema; sitemap inclusion only if eligible; no invented metadata"
"episode","collection-76","collection-76-episode-58","/drama/mehmed-fetihler-sultani/season-3/episode-58","3","Subtitled","P1 demand","Sultan Muhammad Fateh Season 3 Episode 58 - Urdu & English Subtitles","sultan muhammad fateh season 3 episode 58","sultan muhammad fateh season 3 episode 58 [Pakistan; 320/month estimate]","Provider estimate; match conditional on verified episode identity","Confirm live publication and working rendition for this exact edition | Recheck language availability against live records","Prominent player; unique reviewed spoiler-free synopsis; language controls; accurate episode facts; spoilers behind visible control; descriptive thumbnail alt; true publication date","Answer exact season/broadcast identity and available languages in visible text; distinguish story fiction from sourced historical context; identify reviewer","VideoObject with actual selected rendition, name, unique stable thumbnailUrl, real uploadDate; valid contentUrl; omit fake embedUrl; TVSeries relation; BreadcrumbList","Season -> episode; previous/next published playable episodes; drama breadcrumb","HTTP 200; indexable production policy; self-canonical; server-rendered facts; actual playback; matching schema; sitemap inclusion only if eligible; no invented metadata"
"episode","collection-76","collection-76-episode-59","/drama/mehmed-fetihler-sultani/season-3/episode-59","3","Subtitled","P1 demand","Sultan Muhammad Fateh Season 3 Episode 59 - Urdu & English Subtitles","sultan muhammad fateh season 3 episode 59","sultan muhammad fateh season 3 episode 59 [Pakistan; 390/month estimate] | sultan muhammad fateh season 3 ep 59 [Pakistan; 30/month estimate]","Provider estimate; match conditional on verified episode identity","Confirm live publication and working rendition for this exact edition | Recheck language availability against live records","Prominent player; unique reviewed spoiler-free synopsis; language controls; accurate episode facts; spoilers behind visible control; descriptive thumbnail alt; true publication date","Answer exact season/broadcast identity and available languages in visible text; distinguish story fiction from sourced historical context; identify reviewer","VideoObject with actual selected rendition, name, unique stable thumbnailUrl, real uploadDate; valid contentUrl; omit fake embedUrl; TVSeries relation; BreadcrumbList","Season -> episode; previous/next published playable episodes; drama breadcrumb","HTTP 200; indexable production policy; self-canonical; server-rendered facts; actual playback; matching schema; sitemap inclusion only if eligible; no invented metadata"
"episode","collection-76","collection-76-episode-60","/drama/mehmed-fetihler-sultani/season-3/episode-60","3","Subtitled","P1 demand","Sultan Muhammad Fateh Season 3 Episode 60 - Urdu & English Subtitles","sultan muhammad fateh season 3 episode 60","sultan muhammad fateh season 3 episode 60 [Pakistan; 480/month estimate] | sultan muhammad fateh season 3 episode 60 in urdu subtitles [Pakistan; 70/month estimate] | sultan muhammad fateh episode 60 in urdu subtitles [Pakistan; 70/month estimate]","Provider estimate; match conditional on verified episode identity","Confirm live publication and working rendition for this exact edition | Recheck language availability against live records","Prominent player; unique reviewed spoiler-free synopsis; language controls; accurate episode facts; spoilers behind visible control; descriptive thumbnail alt; true publication date","Answer exact season/broadcast identity and available languages in visible text; distinguish story fiction from sourced historical context; identify reviewer","VideoObject with actual selected rendition, name, unique stable thumbnailUrl, real uploadDate; valid contentUrl; omit fake embedUrl; TVSeries relation; BreadcrumbList","Season -> episode; previous/next published playable episodes; drama breadcrumb","HTTP 200; indexable production policy; self-canonical; server-rendered facts; actual playback; matching schema; sitemap inclusion only if eligible; no invented metadata"
"episode","collection-76","collection-76-episode-61","/drama/mehmed-fetihler-sultani/season-3/episode-61","3","Subtitled","P0 identity review before SEO","HOLD: verify episode identity before finalizing title","sultan muhammad fateh season 3 episode 61","sultan muhammad fateh season 3 episode 61 [Pakistan; 390/month estimate]","Provider estimate; match conditional on verified episode identity","Confirm live publication and working rendition for this exact edition | Recheck language availability against live records | Duplicate number within edition: collection-76-episode-61; collection-76-bolum-61; inspect cuts/variants before merging or changing canonical","Prominent player; unique reviewed spoiler-free synopsis; language controls; accurate episode facts; spoilers behind visible control; descriptive thumbnail alt; true publication date","Answer exact season/broadcast identity and available languages in visible text; distinguish story fiction from sourced historical context; identify reviewer","VideoObject with actual selected rendition, name, unique stable thumbnailUrl, real uploadDate; valid contentUrl; omit fake embedUrl; TVSeries relation; BreadcrumbList","Season -> episode; previous/next published playable episodes; drama breadcrumb","HTTP 200; indexable production policy; self-canonical; server-rendered facts; actual playback; matching schema; sitemap inclusion only if eligible; no invented metadata"
"episode","collection-76","collection-76-bolum-61","/drama/mehmed-fetihler-sultani/season-3/episode-61-b","3","Subtitled","P0 identity review before SEO","HOLD: verify episode identity before finalizing title","sultan muhammad fateh season 3 episode 61","sultan muhammad fateh season 3 episode 61 [Pakistan; 390/month estimate]","Provider estimate; match conditional on verified episode identity","Confirm live publication and working rendition for this exact edition | Recheck language availability against live records | Duplicate number within edition: collection-76-episode-61; collection-76-bolum-61; inspect cuts/variants before merging or changing canonical","Prominent player; unique reviewed spoiler-free synopsis; language controls; accurate episode facts; spoilers behind visible control; descriptive thumbnail alt; true publication date","Answer exact season/broadcast identity and available languages in visible text; distinguish story fiction from sourced historical context; identify reviewer","VideoObject with actual selected rendition, name, unique stable thumbnailUrl, real uploadDate; valid contentUrl; omit fake embedUrl; TVSeries relation; BreadcrumbList","Season -> episode; previous/next published playable episodes; drama breadcrumb","HTTP 200; indexable production policy; self-canonical; server-rendered facts; actual playback; matching schema; sitemap inclusion only if eligible; no invented metadata"
"episode","collection-76","collection-76-bolum-62","/drama/mehmed-fetihler-sultani/season-3/episode-62","3","Subtitled","P1 demand","Sultan Muhammad Fateh Season 3 Episode 62 - Urdu & English Subtitles","sultan muhammad fateh season 3 episode 62","sultan muhammad fateh season 3 episode 62 [Pakistan; 390/month estimate]","Provider estimate; match conditional on verified episode identity","Confirm live publication and working rendition for this exact edition | Recheck language availability against live records","Prominent player; unique reviewed spoiler-free synopsis; language controls; accurate episode facts; spoilers behind visible control; descriptive thumbnail alt; true publication date","Answer exact season/broadcast identity and available languages in visible text; distinguish story fiction from sourced historical context; identify reviewer","VideoObject with actual selected rendition, name, unique stable thumbnailUrl, real uploadDate; valid contentUrl; omit fake embedUrl; TVSeries relation; BreadcrumbList","Season -> episode; previous/next published playable episodes; drama breadcrumb","HTTP 200; indexable production policy; self-canonical; server-rendered facts; actual playback; matching schema; sitemap inclusion only if eligible; no invented metadata"
"episode","collection-76","collection-76-bolum-63","/drama/mehmed-fetihler-sultani/season-3/episode-63","3","Subtitled","P1 demand","Sultan Muhammad Fateh Season 3 Episode 63 - Urdu & English Subtitles","sultan muhammad fateh season 3 episode 63","sultan muhammad fateh season 3 episode 63 [Pakistan; 1000/month estimate]","Provider estimate; match conditional on verified episode identity","Confirm live publication and working rendition for this exact edition | Recheck language availability against live records","Prominent player; unique reviewed spoiler-free synopsis; language controls; accurate episode facts; spoilers behind visible control; descriptive thumbnail alt; true publication date","Answer exact season/broadcast identity and available languages in visible text; distinguish story fiction from sourced historical context; identify reviewer","VideoObject with actual selected rendition, name, unique stable thumbnailUrl, real uploadDate; valid contentUrl; omit fake embedUrl; TVSeries relation; BreadcrumbList","Season -> episode; previous/next published playable episodes; drama breadcrumb","HTTP 200; indexable production policy; self-canonical; server-rendered facts; actual playback; matching schema; sitemap inclusion only if eligible; no invented metadata"
"episode","collection-76","collection-76-bolum-64","/drama/mehmed-fetihler-sultani/season-3/episode-64","3","Subtitled","P1 demand","Sultan Muhammad Fateh Season 3 Episode 64 - Urdu Subtitles","sultan muhammad fateh season 3 episode 64","sultan muhammad fateh season 3 episode 64 [Pakistan; 720/month estimate]","Provider estimate; match conditional on verified episode identity","Confirm live publication and working rendition for this exact edition | Recheck language availability against live records","Prominent player; unique reviewed spoiler-free synopsis; language controls; accurate episode facts; spoilers behind visible control; descriptive thumbnail alt; true publication date","Answer exact season/broadcast identity and available languages in visible text; distinguish story fiction from sourced historical context; identify reviewer","VideoObject with actual selected rendition, name, unique stable thumbnailUrl, real uploadDate; valid contentUrl; omit fake embedUrl; TVSeries relation; BreadcrumbList","Season -> episode; previous/next published playable episodes; drama breadcrumb","HTTP 200; indexable production policy; self-canonical; server-rendered facts; actual playback; matching schema; sitemap inclusion only if eligible; no invented metadata"
"episode","collection-76","collection-76-bolum-65","/drama/mehmed-fetihler-sultani/season-3/episode-65","3","Subtitled","P1 demand","Sultan Muhammad Fateh Season 3 Episode 65 - Urdu & English Subtitles","sultan muhammad fateh season 3 episode 65","sultan muhammad fateh season 3 episode 65 [Pakistan; 720/month estimate]","Provider estimate; match conditional on verified episode identity","Confirm live publication and working rendition for this exact edition | Recheck language availability against live records","Prominent player; unique reviewed spoiler-free synopsis; language controls; accurate episode facts; spoilers behind visible control; descriptive thumbnail alt; true publication date","Answer exact season/broadcast identity and available languages in visible text; distinguish story fiction from sourced historical context; identify reviewer","VideoObject with actual selected rendition, name, unique stable thumbnailUrl, real uploadDate; valid contentUrl; omit fake embedUrl; TVSeries relation; BreadcrumbList","Season -> episode; previous/next published playable episodes; drama breadcrumb","HTTP 200; indexable production policy; self-canonical; server-rendered facts; actual playback; matching schema; sitemap inclusion only if eligible; no invented metadata"
"episode","collection-76","collection-76-bolum-66","/drama/mehmed-fetihler-sultani/season-3/episode-66","3","Subtitled","P1 demand","Sultan Muhammad Fateh Season 3 Episode 66 - Urdu & English Subtitles","sultan muhammad fateh season 3 episode 66","sultan muhammad fateh season 3 episode 66 [Pakistan; 720/month estimate]","Provider estimate; match conditional on verified episode identity","Confirm live publication and working rendition for this exact edition | Recheck language availability against live records","Prominent player; unique reviewed spoiler-free synopsis; language controls; accurate episode facts; spoilers behind visible control; descriptive thumbnail alt; true publication date","Answer exact season/broadcast identity and available languages in visible text; distinguish story fiction from sourced historical context; identify reviewer","VideoObject with actual selected rendition, name, unique stable thumbnailUrl, real uploadDate; valid contentUrl; omit fake embedUrl; TVSeries relation; BreadcrumbList","Season -> episode; previous/next published playable episodes; drama breadcrumb","HTTP 200; indexable production policy; self-canonical; server-rendered facts; actual playback; matching schema; sitemap inclusion only if eligible; no invented metadata"
"episode","collection-76","collection-76-bolum-67","/drama/mehmed-fetihler-sultani/season-3/episode-67","3","Subtitled","P1 demand","Sultan Muhammad Fateh Season 3 Episode 67 - Urdu & English Subtitles","sultan muhammad fateh season 3 episode 67","sultan muhammad fateh season 3 episode 67 [Pakistan; 720/month estimate] | sultan muhammad fateh season 3 episode 67 in urdu [Pakistan; 10/month estimate]","Provider estimate; match conditional on verified episode identity","Confirm live publication and working rendition for this exact edition | Recheck language availability against live records","Prominent player; unique reviewed spoiler-free synopsis; language controls; accurate episode facts; spoilers behind visible control; descriptive thumbnail alt; true publication date","Answer exact season/broadcast identity and available languages in visible text; distinguish story fiction from sourced historical context; identify reviewer","VideoObject with actual selected rendition, name, unique stable thumbnailUrl, real uploadDate; valid contentUrl; omit fake embedUrl; TVSeries relation; BreadcrumbList","Season -> episode; previous/next published playable episodes; drama breadcrumb","HTTP 200; indexable production policy; self-canonical; server-rendered facts; actual playback; matching schema; sitemap inclusion only if eligible; no invented metadata"
"episode","collection-76","collection-76-bolum-68","/drama/mehmed-fetihler-sultani/season-3/episode-68","3","Subtitled","P1 demand","Sultan Muhammad Fateh Season 3 Episode 68 - Urdu & English Subtitles","sultan muhammad fateh season 3 episode 68 urdu subtitles","","Proposed target; no exact measured evidence","Confirm live publication and working rendition for this exact edition | Recheck language availability against live records","Prominent player; unique reviewed spoiler-free synopsis; language controls; accurate episode facts; spoilers behind visible control; descriptive thumbnail alt; true publication date","Answer exact season/broadcast identity and available languages in visible text; distinguish story fiction from sourced historical context; identify reviewer","VideoObject with actual selected rendition, name, unique stable thumbnailUrl, real uploadDate; valid contentUrl; omit fake embedUrl; TVSeries relation; BreadcrumbList","Season -> episode; previous/next published playable episodes; drama breadcrumb","HTTP 200; indexable production policy; self-canonical; server-rendered facts; actual playback; matching schema; sitemap inclusion only if eligible; no invented metadata"
"episode","collection-76","collection-76-bolum-69","/drama/mehmed-fetihler-sultani/season-3/episode-69","3","Subtitled","P1 demand","Sultan Muhammad Fateh Season 3 Episode 69 - Urdu & English Subtitles","sultan muhammad fateh season 3 episode 69","sultan muhammad fateh season 3 episode 69 [Pakistan; 880/month estimate]","Provider estimate; match conditional on verified episode identity","Confirm live publication and working rendition for this exact edition | Recheck language availability against live records","Prominent player; unique reviewed spoiler-free synopsis; language controls; accurate episode facts; spoilers behind visible control; descriptive thumbnail alt; true publication date","Answer exact season/broadcast identity and available languages in visible text; distinguish story fiction from sourced historical context; identify reviewer","VideoObject with actual selected rendition, name, unique stable thumbnailUrl, real uploadDate; valid contentUrl; omit fake embedUrl; TVSeries relation; BreadcrumbList","Season -> episode; previous/next published playable episodes; drama breadcrumb","HTTP 200; indexable production policy; self-canonical; server-rendered facts; actual playback; matching schema; sitemap inclusion only if eligible; no invented metadata"
"episode","collection-76","collection-76-bolum-70","/drama/mehmed-fetihler-sultani/season-3/episode-70","3","Subtitled","P1 demand","Sultan Muhammad Fateh Season 3 Episode 70 - Urdu & English Subtitles","sultan muhammad fateh season 3 episode 70","sultan muhammad fateh season 3 episode 70 [Pakistan; 1300/month estimate]","Provider estimate; match conditional on verified episode identity","Confirm live publication and working rendition for this exact edition | Recheck language availability against live records","Prominent player; unique reviewed spoiler-free synopsis; language controls; accurate episode facts; spoilers behind visible control; descriptive thumbnail alt; true publication date","Answer exact season/broadcast identity and available languages in visible text; distinguish story fiction from sourced historical context; identify reviewer","VideoObject with actual selected rendition, name, unique stable thumbnailUrl, real uploadDate; valid contentUrl; omit fake embedUrl; TVSeries relation; BreadcrumbList","Season -> episode; previous/next published playable episodes; drama breadcrumb","HTTP 200; indexable production policy; self-canonical; server-rendered facts; actual playback; matching schema; sitemap inclusion only if eligible; no invented metadata"
"episode","collection-76","collection-76-bolum-71","/drama/mehmed-fetihler-sultani/season-3/episode-71","3","Subtitled","P1 demand","Sultan Muhammad Fateh Season 3 Episode 71 - Urdu & English Subtitles","sultan muhammad fateh season 3 episode 71","sultan muhammad fateh season 3 episode 71 [Pakistan; 1000/month estimate]","Provider estimate; match conditional on verified episode identity","Confirm live publication and working rendition for this exact edition | Recheck language availability against live records","Prominent player; unique reviewed spoiler-free synopsis; language controls; accurate episode facts; spoilers behind visible control; descriptive thumbnail alt; true publication date","Answer exact season/broadcast identity and available languages in visible text; distinguish story fiction from sourced historical context; identify reviewer","VideoObject with actual selected rendition, name, unique stable thumbnailUrl, real uploadDate; valid contentUrl; omit fake embedUrl; TVSeries relation; BreadcrumbList","Season -> episode; previous/next published playable episodes; drama breadcrumb","HTTP 200; indexable production policy; self-canonical; server-rendered facts; actual playback; matching schema; sitemap inclusion only if eligible; no invented metadata"
"episode","collection-76","collection-76-bolum-72","/drama/mehmed-fetihler-sultani/season-3/episode-72","3","Subtitled","P1 demand","Sultan Muhammad Fateh Season 3 Episode 72 - Urdu & English Subtitles","sultan muhammad fateh season 3 episode 72","sultan muhammad fateh season 3 episode 72 [Pakistan; 1000/month estimate]","Provider estimate; match conditional on verified episode identity","Confirm live publication and working rendition for this exact edition | Recheck language availability against live records","Prominent player; unique reviewed spoiler-free synopsis; language controls; accurate episode facts; spoilers behind visible control; descriptive thumbnail alt; true publication date","Answer exact season/broadcast identity and available languages in visible text; distinguish story fiction from sourced historical context; identify reviewer","VideoObject with actual selected rendition, name, unique stable thumbnailUrl, real uploadDate; valid contentUrl; omit fake embedUrl; TVSeries relation; BreadcrumbList","Season -> episode; previous/next published playable episodes; drama breadcrumb","HTTP 200; indexable production policy; self-canonical; server-rendered facts; actual playback; matching schema; sitemap inclusion only if eligible; no invented metadata"
"episode","collection-76","collection-76-episode-73","/drama/mehmed-fetihler-sultani/season-3/episode-73","3","Subtitled","P1 demand","Sultan Muhammad Fateh Season 3 Episode 73 - Urdu & English Subtitles","sultan muhammad fateh season 3 episode 73","sultan muhammad fateh season 3 episode 73 [Pakistan; 1000/month estimate]","Provider estimate; match conditional on verified episode identity","Confirm live publication and working rendition for this exact edition | Recheck language availability against live records","Prominent player; unique reviewed spoiler-free synopsis; language controls; accurate episode facts; spoilers behind visible control; descriptive thumbnail alt; true publication date","Answer exact season/broadcast identity and available languages in visible text; distinguish story fiction from sourced historical context; identify reviewer","VideoObject with actual selected rendition, name, unique stable thumbnailUrl, real uploadDate; valid contentUrl; omit fake embedUrl; TVSeries relation; BreadcrumbList","Season -> episode; previous/next published playable episodes; drama breadcrumb","HTTP 200; indexable production policy; self-canonical; server-rendered facts; actual playback; matching schema; sitemap inclusion only if eligible; no invented metadata"
"episode","collection-76","collection-76-episode-74","/drama/mehmed-fetihler-sultani/season-3/episode-74","3","Subtitled","P1 demand","Sultan Muhammad Fateh Season 3 Episode 74 - Urdu & English Subtitles","sultan muhammad fateh season 3 episode 74","sultan muhammad fateh season 3 episode 74 [Pakistan; 1000/month estimate] | sultan muhammad fateh season 3 episode 74 in urdu subtitles [Pakistan; 70/month estimate]","Provider estimate; match conditional on verified episode identity","Confirm live publication and working rendition for this exact edition | Recheck language availability against live records","Prominent player; unique reviewed spoiler-free synopsis; language controls; accurate episode facts; spoilers behind visible control; descriptive thumbnail alt; true publication date","Answer exact season/broadcast identity and available languages in visible text; distinguish story fiction from sourced historical context; identify reviewer","VideoObject with actual selected rendition, name, unique stable thumbnailUrl, real uploadDate; valid contentUrl; omit fake embedUrl; TVSeries relation; BreadcrumbList","Season -> episode; previous/next published playable episodes; drama breadcrumb","HTTP 200; indexable production policy; self-canonical; server-rendered facts; actual playback; matching schema; sitemap inclusion only if eligible; no invented metadata"
"episode","collection-76","collection-76-episode-75","/drama/mehmed-fetihler-sultani/season-3/episode-75","3","Subtitled","P1 demand","Sultan Muhammad Fateh Season 3 Episode 75 - Urdu & English Subtitles","sultan muhammad fateh season 3 episode 75","sultan muhammad fateh season 3 episode 75 [Pakistan; 720/month estimate] | sultan muhammad fateh season 3 episode 75 in urdu subtitles [Pakistan; 30/month estimate]","Provider estimate; match conditional on verified episode identity","Confirm live publication and working rendition for this exact edition | Recheck language availability against live records","Prominent player; unique reviewed spoiler-free synopsis; language controls; accurate episode facts; spoilers behind visible control; descriptive thumbnail alt; true publication date","Answer exact season/broadcast identity and available languages in visible text; distinguish story fiction from sourced historical context; identify reviewer","VideoObject with actual selected rendition, name, unique stable thumbnailUrl, real uploadDate; valid contentUrl; omit fake embedUrl; TVSeries relation; BreadcrumbList","Season -> episode; previous/next published playable episodes; drama breadcrumb","HTTP 200; indexable production policy; self-canonical; server-rendered facts; actual playback; matching schema; sitemap inclusion only if eligible; no invented metadata"
"episode","collection-76","collection-76-episode-76","/drama/mehmed-fetihler-sultani/season-3/episode-76","3","Subtitled","P1 demand","Sultan Muhammad Fateh Season 3 Episode 76 - Urdu & English Subtitles","sultan muhammad fateh season 3 episode 76 urdu subtitles","","Proposed target; no exact measured evidence","Confirm live publication and working rendition for this exact edition | Recheck language availability against live records","Prominent player; unique reviewed spoiler-free synopsis; language controls; accurate episode facts; spoilers behind visible control; descriptive thumbnail alt; true publication date","Answer exact season/broadcast identity and available languages in visible text; distinguish story fiction from sourced historical context; identify reviewer","VideoObject with actual selected rendition, name, unique stable thumbnailUrl, real uploadDate; valid contentUrl; omit fake embedUrl; TVSeries relation; BreadcrumbList","Season -> episode; previous/next published playable episodes; drama breadcrumb","HTTP 200; indexable production policy; self-canonical; server-rendered facts; actual playback; matching schema; sitemap inclusion only if eligible; no invented metadata"
"episode","collection-76","collection-76-episode-77","/drama/mehmed-fetihler-sultani/season-3/episode-77","3","Subtitled","P1 demand","Sultan Muhammad Fateh Season 3 Episode 77 - Urdu & English Subtitles","sultan muhammad fateh season 3 episode 77","sultan muhammad fateh season 3 episode 77 [Pakistan; 720/month estimate]","Provider estimate; match conditional on verified episode identity","Confirm live publication and working rendition for this exact edition | Recheck language availability against live records","Prominent player; unique reviewed spoiler-free synopsis; language controls; accurate episode facts; spoilers behind visible control; descriptive thumbnail alt; true publication date","Answer exact season/broadcast identity and available languages in visible text; distinguish story fiction from sourced historical context; identify reviewer","VideoObject with actual selected rendition, name, unique stable thumbnailUrl, real uploadDate; valid contentUrl; omit fake embedUrl; TVSeries relation; BreadcrumbList","Season -> episode; previous/next published playable episodes; drama breadcrumb","HTTP 200; indexable production policy; self-canonical; server-rendered facts; actual playback; matching schema; sitemap inclusion only if eligible; no invented metadata"
"episode","collection-76","collection-76-episode-78","/drama/mehmed-fetihler-sultani/season-3/episode-78","3","Subtitled","P1 demand","Sultan Muhammad Fateh Season 3 Episode 78 - Urdu & English Subtitles","sultan muhammad fateh season 3 episode 78 in urdu subtitles","sultan muhammad fateh season 3 episode 78 in urdu subtitles [Pakistan; 50/month estimate]","Provider estimate; match conditional on verified episode identity","Confirm live publication and working rendition for this exact edition | Recheck language availability against live records","Prominent player; unique reviewed spoiler-free synopsis; language controls; accurate episode facts; spoilers behind visible control; descriptive thumbnail alt; true publication date","Answer exact season/broadcast identity and available languages in visible text; distinguish story fiction from sourced historical context; identify reviewer","VideoObject with actual selected rendition, name, unique stable thumbnailUrl, real uploadDate; valid contentUrl; omit fake embedUrl; TVSeries relation; BreadcrumbList","Season -> episode; previous/next published playable episodes; drama breadcrumb","HTTP 200; indexable production policy; self-canonical; server-rendered facts; actual playback; matching schema; sitemap inclusion only if eligible; no invented metadata"
"episode","collection-76","collection-76-episode-79","/drama/mehmed-fetihler-sultani/season-3/episode-79","3","Subtitled","P1 demand","Sultan Muhammad Fateh Season 3 Episode 79 - Urdu & English Subtitles","sultan muhammad fateh season 3 episode 79","sultan muhammad fateh season 3 episode 79 [Pakistan; 590/month estimate]","Provider estimate; match conditional on verified episode identity","Confirm live publication and working rendition for this exact edition | Recheck language availability against live records","Prominent player; unique reviewed spoiler-free synopsis; language controls; accurate episode facts; spoilers behind visible control; descriptive thumbnail alt; true publication date","Answer exact season/broadcast identity and available languages in visible text; distinguish story fiction from sourced historical context; identify reviewer","VideoObject with actual selected rendition, name, unique stable thumbnailUrl, real uploadDate; valid contentUrl; omit fake embedUrl; TVSeries relation; BreadcrumbList","Season -> episode; previous/next published playable episodes; drama breadcrumb","HTTP 200; indexable production policy; self-canonical; server-rendered facts; actual playback; matching schema; sitemap inclusion only if eligible; no invented metadata"
"episode","collection-76","collection-76-episode-80","/drama/mehmed-fetihler-sultani/season-3/episode-80","3","Subtitled","P1 demand","Sultan Muhammad Fateh Season 3 Episode 80 - Urdu Subtitles","sultan muhammad fateh season 3 episode 80","sultan muhammad fateh season 3 episode 80 [Pakistan; 590/month estimate]","Provider estimate; match conditional on verified episode identity","Confirm live publication and working rendition for this exact edition | Recheck language availability against live records","Prominent player; unique reviewed spoiler-free synopsis; language controls; accurate episode facts; spoilers behind visible control; descriptive thumbnail alt; true publication date","Answer exact season/broadcast identity and available languages in visible text; distinguish story fiction from sourced historical context; identify reviewer","VideoObject with actual selected rendition, name, unique stable thumbnailUrl, real uploadDate; valid contentUrl; omit fake embedUrl; TVSeries relation; BreadcrumbList","Season -> episode; previous/next published playable episodes; drama breadcrumb","HTTP 200; indexable production policy; self-canonical; server-rendered facts; actual playback; matching schema; sitemap inclusion only if eligible; no invented metadata"
"episode","collection-76","collection-76-episode-81","/drama/mehmed-fetihler-sultani/season-3/episode-81","3","Subtitled","P1 demand","Sultan Muhammad Fateh Season 3 Episode 81 - Urdu & English Subtitles","sultan muhammad fateh season 3 episode 81","sultan muhammad fateh season 3 episode 81 [Pakistan; 590/month estimate]","Provider estimate; match conditional on verified episode identity","Confirm live publication and working rendition for this exact edition | Recheck language availability against live records","Prominent player; unique reviewed spoiler-free synopsis; language controls; accurate episode facts; spoilers behind visible control; descriptive thumbnail alt; true publication date","Answer exact season/broadcast identity and available languages in visible text; distinguish story fiction from sourced historical context; identify reviewer","VideoObject with actual selected rendition, name, unique stable thumbnailUrl, real uploadDate; valid contentUrl; omit fake embedUrl; TVSeries relation; BreadcrumbList","Season -> episode; previous/next published playable episodes; drama breadcrumb","HTTP 200; indexable production policy; self-canonical; server-rendered facts; actual playback; matching schema; sitemap inclusion only if eligible; no invented metadata"
"episode","collection-76","collection-76-episode-82","/drama/mehmed-fetihler-sultani/season-3/episode-82","3","Subtitled","P1 demand","Sultan Muhammad Fateh Season 3 Episode 82 - Urdu & English Subtitles","sultan muhammad fateh season 3 episode 82","sultan muhammad fateh season 3 episode 82 [Pakistan; 880/month estimate] | sultan muhammad fateh season 3 episode 82 in urdu subtitles [Pakistan; 50/month estimate] | sultan muhammad fateh season 3 episode 82 urdu subtitles [Pakistan; 20/month estimate] | sultan muhammad fateh season 3 episode 82 full episode [Pakistan; 10/month estimate]","Provider estimate; match conditional on verified episode identity","Confirm live publication and working rendition for this exact edition | Recheck language availability against live records","Prominent player; unique reviewed spoiler-free synopsis; language controls; accurate episode facts; spoilers behind visible control; descriptive thumbnail alt; true publication date","Answer exact season/broadcast identity and available languages in visible text; distinguish story fiction from sourced historical context; identify reviewer","VideoObject with actual selected rendition, name, unique stable thumbnailUrl, real uploadDate; valid contentUrl; omit fake embedUrl; TVSeries relation; BreadcrumbList","Season -> episode; previous/next published playable episodes; drama breadcrumb","HTTP 200; indexable production policy; self-canonical; server-rendered facts; actual playback; matching schema; sitemap inclusion only if eligible; no invented metadata"
"episode","collection-76","collection-76-episode-83","/drama/mehmed-fetihler-sultani/season-3/episode-83","3","Subtitled","P1 demand","Sultan Muhammad Fateh Season 3 Episode 83 - Urdu & English Subtitles","sultan muhammad fateh season 3 episode 83","sultan muhammad fateh season 3 episode 83 [Pakistan; 590/month estimate]","Provider estimate; match conditional on verified episode identity","Confirm live publication and working rendition for this exact edition | Recheck language availability against live records","Prominent player; unique reviewed spoiler-free synopsis; language controls; accurate episode facts; spoilers behind visible control; descriptive thumbnail alt; true publication date","Answer exact season/broadcast identity and available languages in visible text; distinguish story fiction from sourced historical context; identify reviewer","VideoObject with actual selected rendition, name, unique stable thumbnailUrl, real uploadDate; valid contentUrl; omit fake embedUrl; TVSeries relation; BreadcrumbList","Season -> episode; previous/next published playable episodes; drama breadcrumb","HTTP 200; indexable production policy; self-canonical; server-rendered facts; actual playback; matching schema; sitemap inclusion only if eligible; no invented metadata"
"season","collection-82","","/drama/mehmed-fetihler-sultani/season-4","4","Subtitled","P1 freshness","Sultan Muhammad Fateh Season 4 - Urdu & English Subtitles","sultan muhammad fateh season 4 urdu subtitles","","Proposed target; no exact measured evidence","Confirm live publication and working rendition for this exact edition | Recheck language availability against live records","Season-specific reviewed overview; edition switch; crawlable published episode list; availability; verified numbering explanation; accurate dates","Answer where this season begins and which subtitle/dubbed editions actually exist; cite official numbering evidence","TVSeries entity on drama; optional season/episode relationships and BreadcrumbList reflecting visible facts; no assumed rich-result eligibility","Drama -> edition -> episodes; other seasons and edition switch","HTTP 200; indexable production policy; self-canonical; server-rendered facts; actual playback; matching schema; sitemap inclusion only if eligible; no invented metadata"
"episode","collection-82","collection-82-bolum-84","/drama/mehmed-fetihler-sultani/season-4/episode-1","4","Subtitled","P1 freshness","Mehmed Season 4 Episode 1 (Bolum 84) - Urdu & English Subtitles","mehmed season 4 episode 1 urdu subtitles","","Proposed target; no exact measured evidence","Confirm live publication and working rendition for this exact edition | Recheck language availability against live records | Source mapping: local 1, broadcast 84; verify rendition identity","Prominent player; unique reviewed spoiler-free synopsis; language controls; accurate episode facts; spoilers behind visible control; descriptive thumbnail alt; true publication date","Answer exact season/broadcast identity and available languages in visible text; distinguish story fiction from sourced historical context; identify reviewer","VideoObject with actual selected rendition, name, unique stable thumbnailUrl, real uploadDate; valid contentUrl; omit fake embedUrl; TVSeries relation; BreadcrumbList","Season -> episode; previous/next published playable episodes; drama breadcrumb","HTTP 200; indexable production policy; self-canonical; server-rendered facts; actual playback; matching schema; sitemap inclusion only if eligible; no invented metadata"
"episode","collection-82","collection-82-bolum-85","/drama/mehmed-fetihler-sultani/season-4/episode-2","4","Subtitled","P1 freshness","Mehmed Season 4 Episode 2 (Bolum 85) - Urdu & English Subtitles","mehmed season 4 episode 2 urdu subtitles","","Proposed target; no exact measured evidence","Confirm live publication and working rendition for this exact edition | Recheck language availability against live records | Source mapping: local 2, broadcast 85; verify rendition identity","Prominent player; unique reviewed spoiler-free synopsis; language controls; accurate episode facts; spoilers behind visible control; descriptive thumbnail alt; true publication date","Answer exact season/broadcast identity and available languages in visible text; distinguish story fiction from sourced historical context; identify reviewer","VideoObject with actual selected rendition, name, unique stable thumbnailUrl, real uploadDate; valid contentUrl; omit fake embedUrl; TVSeries relation; BreadcrumbList","Season -> episode; previous/next published playable episodes; drama breadcrumb","HTTP 200; indexable production policy; self-canonical; server-rendered facts; actual playback; matching schema; sitemap inclusion only if eligible; no invented metadata"
"episode","collection-82","collection-82-bolum-86","/drama/mehmed-fetihler-sultani/season-4/episode-3","4","Subtitled","P1 freshness","Mehmed Season 4 Episode 3 (Bolum 86) - Urdu & English Subtitles","mehmed season 4 episode 3 urdu subtitles","","Proposed target; no exact measured evidence","Confirm live publication and working rendition for this exact edition | Recheck language availability against live records | Source mapping: local 3, broadcast 86; verify rendition identity","Prominent player; unique reviewed spoiler-free synopsis; language controls; accurate episode facts; spoilers behind visible control; descriptive thumbnail alt; true publication date","Answer exact season/broadcast identity and available languages in visible text; distinguish story fiction from sourced historical context; identify reviewer","VideoObject with actual selected rendition, name, unique stable thumbnailUrl, real uploadDate; valid contentUrl; omit fake embedUrl; TVSeries relation; BreadcrumbList","Season -> episode; previous/next published playable episodes; drama breadcrumb","HTTP 200; indexable production policy; self-canonical; server-rendered facts; actual playback; matching schema; sitemap inclusion only if eligible; no invented metadata"
"season","collection-88","","/drama/mehmed-fetihler-sultani/season-4/urdu-dubbed","4","Urdu dubbed","P1 freshness","Sultan Muhammad Fateh Season 4 - Urdu Dubbed","sultan muhammad fateh season 4 urdu dubbed","","Proposed target; no exact measured evidence","Confirm live publication and working rendition for this exact edition | Recheck language availability against live records","Season-specific reviewed overview; edition switch; crawlable published episode list; availability; verified numbering explanation; accurate dates","Answer where this season begins and which subtitle/dubbed editions actually exist; cite official numbering evidence","TVSeries entity on drama; optional season/episode relationships and BreadcrumbList reflecting visible facts; no assumed rich-result eligibility","Drama -> edition -> episodes; other seasons and edition switch","HTTP 200; indexable production policy; self-canonical; server-rendered facts; actual playback; matching schema; sitemap inclusion only if eligible; no invented metadata"
"episode","collection-88","collection-88-bolum-84","/drama/mehmed-fetihler-sultani/season-4/urdu-dubbed/episode-1","4","Urdu dubbed","P1 freshness","Mehmed Season 4 Episode 1 (Bolum 84) - Urdu Dubbed","mehmed season 4 episode 1 urdu dubbed","","Proposed target; no exact measured evidence","Confirm live publication and working rendition for this exact edition | Recheck language availability against live records | Source mapping: local 1, broadcast 84; verify rendition identity","Prominent player; unique reviewed spoiler-free synopsis; language controls; accurate episode facts; spoilers behind visible control; descriptive thumbnail alt; true publication date","Answer exact season/broadcast identity and available languages in visible text; distinguish story fiction from sourced historical context; identify reviewer","VideoObject with actual selected rendition, name, unique stable thumbnailUrl, real uploadDate; valid contentUrl; omit fake embedUrl; TVSeries relation; BreadcrumbList","Season -> episode; previous/next published playable episodes; drama breadcrumb","HTTP 200; indexable production policy; self-canonical; server-rendered facts; actual playback; matching schema; sitemap inclusion only if eligible; no invented metadata"
